customer_id,customer_name,email,city,state,region,lat,lon,acquisition_date
CUST-0001,Raj Singh,customer1@email.com,Mumbai,Maharashtra,West,19.076,72.8777,2024-01-01
CUST-0002,Rohan Mehta,customer2@email.com,Delhi,Delhi,North,28.7041,77.1025,2024-01-01
CUST-0003,Deepika Menon,customer3@email.com,Ahmedabad,Gujarat,West,23.0225,72.5714,2024-01-01
CUST-0004,Raj Das,customer4@email.com,Delhi,Delhi,North,28.7041,77.1025,2024-01-01
CUST-0005,Karan Reddy,customer5@email.com,Mumbai,Maharashtra,West,19.076,72.8777,2024-01-01
CUST-0006,Suresh Mehta,customer6@email.com,Bangalore,Karnataka,South,12.9716,77.5946,2024-01-02
CUST-0007,Sneha Nair,customer7@email.com,Delhi,Delhi,North,28.7041,77.1025,2024-01-02
CUST-0008,Amit Verma,customer8@email.com,Lucknow,Uttar Pradesh,North,26.8467,80.9462,2024-01-02
CUST-0009,Priya Nair,customer9@email.com,Delhi,Delhi,North,28.7041,77.1025,2024-01-02
CUST-0010,Meena Chopra,customer10@email.com,Ahmedabad,Gujarat,West,23.0225,72.5714,2024-01-03
CUST-0011,Ananya Patel,customer11@email.com,Bhopal,Madhya Pradesh,Central,23.2599,77.4126,2024-01-03
CUST-0012,Rahul Rao,customer12@email.com,Bangalore,Karnataka,South,12.9716,77.5946,2024-01-04
CUST-0013,Meena Joshi,customer13@email.com,Bhopal,Madhya Pradesh,Central,23.2599,77.4126,2024-01-04
CUST-0014,Manish Mehta,customer14@email.com,Bangalore,Karnataka,South,12.9716,77.5946,2024-01-04
CUST-0015,Kavita Malhotra,customer15@email.com,Nagpur,Maharashtra,West,21.1458,79.0882,2024-01-05
CUST-0016,Swati Kapoor,customer16@email.com,Mumbai,Maharashtra,West,19.076,72.8777,2024-01-06
CUST-0017,Rohan Chopra,customer17@email.com,Pune,Maharashtra,West,18.5204,73.8567,2024-01-07
CUST-0018,Karan Rao,customer18@email.com,Hyderabad,Telangana,South,17.385,78.4867,2024-01-07
CUST-0019,Divya Malhotra,customer19@email.com,Bangalore,Karnataka,South,12.9716,77.5946,2024-01-07
CUST-0020,Amit Gupta,customer20@email.com,Kolkata,West Bengal,East,22.5726,88.3639,2024-01-08
CUST-0021,Karan Reddy,customer21@email.com,Pune,Maharashtra,West,18.5204,73.8567,2024-01-09
CUST-0022,Arjun Reddy,customer22@email.com,Mumbai,Maharashtra,West,19.076,72.8777,2024-01-09
CUST-0023,Neha Singh,customer23@email.com,Mumbai,Maharashtra,West,19.076,72.8777,2024-01-10
CUST-0024,Pooja Patel,customer24@email.com,Pune,Maharashtra,West,18.5204,73.8567,2024-01-10
CUST-0025,Arjun Das,customer25@email.com,Kolkata,West Bengal,East,22.5726,88.3639,2024-01-10
CUST-0026,Priya Singh,customer26@email.com,Nagpur,Maharashtra,West,21.1458,79.0882,2024-01-11
CUST-0027,Rohan Rao,customer27@email.com,Ahmedabad,Gujarat,West,23.0225,72.5714,2024-01-12
CUST-0028,Raj Rao,customer28@email.com,Patna,Bihar,East,25.5941,85.1376,2024-01-12
CUST-0029,Deepika Kapoor,customer29@email.com,Pune,Maharashtra,West,18.5204,73.8567,2024-01-13
CUST-0030,Amit Chopra,customer30@email.com,Delhi,Delhi,North,28.7041,77.1025,2024-01-13
CUST-0031,Manish Singh,customer31@email.com,Mumbai,Maharashtra,West,19.076,72.8777,2024-01-13
CUST-0032,Neha Nair,customer32@email.com,Ahmedabad,Gujarat,West,23.0225,72.5714,2024-01-13
CUST-0033,Sneha Patel,customer33@email.com,Kolkata,West Bengal,East,22.5726,88.3639,2024-01-14
CUST-0034,Ananya Verma,customer34@email.com,Mumbai,Maharashtra,West,19.076,72.8777,2024-01-14
CUST-0035,Kavita Singh,customer35@email.com,Bangalore,Karnataka,South,12.9716,77.5946,2024-01-14
CUST-0036,Neha Das,customer36@email.com,Patna,Bihar,East,25.5941,85.1376,2024-01-14
CUST-0037,Meena Patel,customer37@email.com,Hyderabad,Telangana,South,17.385,78.4867,2024-01-14
CUST-0038,Kavita Chopra,customer38@email.com,Bangalore,Karnataka,South,12.9716,77.5946,2024-01-16
CUST-0039,Sneha Chopra,customer39@email.com,Hyderabad,Telangana,South,17.385,78.4867,2024-01-16
CUST-0040,Swati Kapoor,customer40@email.com,Delhi,Delhi,North,28.7041,77.1025,2024-01-16
CUST-0041,Deepika Chopra,customer41@email.com,Bangalore,Karnataka,South,12.9716,77.5946,2024-01-16
CUST-0042,Deepika Gupta,customer42@email.com,Bangalore,Karnataka,South,12.9716,77.5946,2024-01-17
CUST-0043,Swati Menon,customer43@email.com,Mumbai,Maharashtra,West,19.076,72.8777,2024-01-17
CUST-0044,Neha Kapoor,customer44@email.com,Ahmedabad,Gujarat,West,23.0225,72.5714,2024-01-17
CUST-0045,Nikhil Joshi,customer45@email.com,Bangalore,Karnataka,South,12.9716,77.5946,2024-01-18
CUST-0046,Rohan Menon,customer46@email.com,Jaipur,Rajasthan,North,26.9124,75.7873,2024-01-18
CUST-0047,Rahul Joshi,customer47@email.com,Lucknow,Uttar Pradesh,North,26.8467,80.9462,2024-01-18
CUST-0048,Raj Joshi,customer48@email.com,Delhi,Delhi,North,28.7041,77.1025,2024-01-18
CUST-0049,Rahul Rao,customer49@email.com,Kolkata,West Bengal,East,22.5726,88.3639,2024-01-19
CUST-0050,Deepika Nair,customer50@email.com,Hyderabad,Telangana,South,17.385,78.4867,2024-01-19
CUST-0051,Suresh Kumar,customer51@email.com,Bhopal,Madhya Pradesh,Central,23.2599,77.4126,2024-01-19
CUST-0052,Manish Nair,customer52@email.com,Delhi,Delhi,North,28.7041,77.1025,2024-01-19
CUST-0053,Amit Kumar,customer53@email.com,Kolkata,West Bengal,East,22.5726,88.3639,2024-01-19
CUST-0054,Rahul Mehta,customer54@email.com,Chennai,Tamil Nadu,South,13.0827,80.2707,2024-01-20
CUST-0055,Vikram Das,customer55@email.com,Delhi,Delhi,North,28.7041,77.1025,2024-01-21
CUST-0056,Raj Das,customer56@email.com,Mumbai,Maharashtra,West,19.076,72.8777,2024-01-21
CUST-0057,Arjun Rao,customer57@email.com,Kolkata,West Bengal,East,22.5726,88.3639,2024-01-21
CUST-0058,Raj Joshi,customer58@email.com,Pune,Maharashtra,West,18.5204,73.8567,2024-01-22
CUST-0059,Deepika Rao,customer59@email.com,Delhi,Delhi,North,28.7041,77.1025,2024-01-24
CUST-0060,Priya Sharma,customer60@email.com,Kolkata,West Bengal,East,22.5726,88.3639,2024-01-24
CUST-0061,Swati Reddy,customer61@email.com,Bangalore,Karnataka,South,12.9716,77.5946,2024-01-25
CUST-0062,Vikram Kumar,customer62@email.com,Pune,Maharashtra,West,18.5204,73.8567,2024-01-25
CUST-0063,Meena Nair,customer63@email.com,Delhi,Delhi,North,28.7041,77.1025,2024-01-26
CUST-0064,Amit Sharma,customer64@email.com,Bhopal,Madhya Pradesh,Central,23.2599,77.4126,2024-01-26
CUST-0065,Amit Gupta,customer65@email.com,Delhi,Delhi,North,28.7041,77.1025,2024-01-26
CUST-0066,Rohan Chopra,customer66@email.com,Bangalore,Karnataka,South,12.9716,77.5946,2024-01-26
CUST-0067,Amit Sharma,customer67@email.com,Mumbai,Maharashtra,West,19.076,72.8777,2024-01-27
CUST-0068,Vikram Das,customer68@email.com,Mumbai,Maharashtra,West,19.076,72.8777,2024-01-27
CUST-0069,Pooja Reddy,customer69@email.com,Hyderabad,Telangana,South,17.385,78.4867,2024-01-27
CUST-0070,Arjun Kapoor,customer70@email.com,Delhi,Delhi,North,28.7041,77.1025,2024-01-27
CUST-0071,Rohan Das,customer71@email.com,Jaipur,Rajasthan,North,26.9124,75.7873,2024-01-28
CUST-0072,Kavita Rao,customer72@email.com,Mumbai,Maharashtra,West,19.076,72.8777,2024-01-28
CUST-0073,Nikhil Kumar,customer73@email.com,Bangalore,Karnataka,South,12.9716,77.5946,2024-01-29
CUST-0074,Raj Sharma,customer74@email.com,Bangalore,Karnataka,South,12.9716,77.5946,2024-01-29
CUST-0075,Divya Menon,customer75@email.com,Mumbai,Maharashtra,West,19.076,72.8777,2024-01-29
CUST-0076,Sneha Chopra,customer76@email.com,Mumbai,Maharashtra,West,19.076,72.8777,2024-01-29
CUST-0077,Vikram Reddy,customer77@email.com,Bangalore,Karnataka,South,12.9716,77.5946,2024-01-29
CUST-0078,Raj Menon,customer78@email.com,Hyderabad,Telangana,South,17.385,78.4867,2024-01-30
CUST-0079,Rohan Mehta,customer79@email.com,Bangalore,Karnataka,South,12.9716,77.5946,2024-01-31
CUST-0080,Sneha Menon,customer80@email.com,Chennai,Tamil Nadu,South,13.0827,80.2707,2024-01-31
CUST-0081,Raj Mehta,customer81@email.com,Chennai,Tamil Nadu,South,13.0827,80.2707,2024-02-01
CUST-0082,Karan Verma,customer82@email.com,Mumbai,Maharashtra,West,19.076,72.8777,2024-02-01
CUST-0083,Priya Das,customer83@email.com,Hyderabad,Telangana,South,17.385,78.4867,2024-02-01
CUST-0084,Nikhil Chopra,customer84@email.com,Nagpur,Maharashtra,West,21.1458,79.0882,2024-02-01
CUST-0085,Ananya Rao,customer85@email.com,Hyderabad,Telangana,South,17.385,78.4867,2024-02-03
CUST-0086,Meena Rao,customer86@email.com,Kolkata,West Bengal,East,22.5726,88.3639,2024-02-04
CUST-0087,Divya Chopra,customer87@email.com,Delhi,Delhi,North,28.7041,77.1025,2024-02-05
CUST-0088,Suresh Malhotra,customer88@email.com,Ahmedabad,Gujarat,West,23.0225,72.5714,2024-02-06
CUST-0089,Raj Chopra,customer89@email.com,Ahmedabad,Gujarat,West,23.0225,72.5714,2024-02-07
CUST-0090,Rahul Sharma,customer90@email.com,Hyderabad,Telangana,South,17.385,78.4867,2024-02-08
CUST-0091,Divya Menon,customer91@email.com,Nagpur,Maharashtra,West,21.1458,79.0882,2024-02-08
CUST-0092,Arjun Kumar,customer92@email.com,Mumbai,Maharashtra,West,19.076,72.8777,2024-02-08
CUST-0093,Raj Verma,customer93@email.com,Mumbai,Maharashtra,West,19.076,72.8777,2024-02-08
CUST-0094,Deepika Mehta,customer94@email.com,Ahmedabad,Gujarat,West,23.0225,72.5714,2024-02-09
CUST-0095,Arjun Chopra,customer95@email.com,Jaipur,Rajasthan,North,26.9124,75.7873,2024-02-09
CUST-0096,Vikram Sharma,customer96@email.com,Mumbai,Maharashtra,West,19.076,72.8777,2024-02-10
CUST-0097,Karan Das,customer97@email.com,Delhi,Delhi,North,28.7041,77.1025,2024-02-11
CUST-0098,Meena Nair,customer98@email.com,Mumbai,Maharashtra,West,19.076,72.8777,2024-02-11
CUST-0099,Rohan Mehta,customer99@email.com,Delhi,Delhi,North,28.7041,77.1025,2024-02-11
CUST-0100,Arjun Singh,customer100@email.com,Ahmedabad,Gujarat,West,23.0225,72.5714,2024-02-11
CUST-0101,Manish Chopra,customer101@email.com,Hyderabad,Telangana,South,17.385,78.4867,2024-02-11
CUST-0102,Manish Das,customer102@email.com,Bangalore,Karnataka,South,12.9716,77.5946,2024-02-12
CUST-0103,Divya Rao,customer103@email.com,Bangalore,Karnataka,South,12.9716,77.5946,2024-02-12
CUST-0104,Raj Patel,customer104@email.com,Mumbai,Maharashtra,West,19.076,72.8777,2024-02-13
CUST-0105,Amit Sharma,customer105@email.com,Delhi,Delhi,North,28.7041,77.1025,2024-02-13
CUST-0106,Vikram Sharma,customer106@email.com,Kolkata,West Bengal,East,22.5726,88.3639,2024-02-14
CUST-0107,Manish Mehta,customer107@email.com,Nagpur,Maharashtra,West,21.1458,79.0882,2024-02-14
CUST-0108,Manish Patel,customer108@email.com,Lucknow,Uttar Pradesh,North,26.8467,80.9462,2024-02-14
CUST-0109,Priya Rao,customer109@email.com,Mumbai,Maharashtra,West,19.076,72.8777,2024-02-15
CUST-0110,Vikram Malhotra,customer110@email.com,Bhopal,Madhya Pradesh,Central,23.2599,77.4126,2024-02-15
CUST-0111,Rahul Sharma,customer111@email.com,Ahmedabad,Gujarat,West,23.0225,72.5714,2024-02-15
CUST-0112,Karan Chopra,customer112@email.com,Ahmedabad,Gujarat,West,23.0225,72.5714,2024-02-16
CUST-0113,Priya Gupta,customer113@email.com,Hyderabad,Telangana,South,17.385,78.4867,2024-02-16
CUST-0114,Meena Das,customer114@email.com,Bangalore,Karnataka,South,12.9716,77.5946,2024-02-16
CUST-0115,Ananya Malhotra,customer115@email.com,Delhi,Delhi,North,28.7041,77.1025,2024-02-18
CUST-0116,Sneha Reddy,customer116@email.com,Mumbai,Maharashtra,West,19.076,72.8777,2024-02-18
CUST-0117,Suresh Nair,customer117@email.com,Delhi,Delhi,North,28.7041,77.1025,2024-02-18
CUST-0118,Manish Kapoor,customer118@email.com,Delhi,Delhi,North,28.7041,77.1025,2024-02-18
CUST-0119,Ananya Nair,customer119@email.com,Hyderabad,Telangana,South,17.385,78.4867,2024-02-18
CUST-0120,Vikram Singh,customer120@email.com,Ahmedabad,Gujarat,West,23.0225,72.5714,2024-02-19
CUST-0121,Priya Verma,customer121@email.com,Hyderabad,Telangana,South,17.385,78.4867,2024-02-19
CUST-0122,Suresh Kapoor,customer122@email.com,Mumbai,Maharashtra,West,19.076,72.8777,2024-02-20
CUST-0123,Swati Malhotra,customer123@email.com,Patna,Bihar,East,25.5941,85.1376,2024-02-20
CUST-0124,Rahul Joshi,customer124@email.com,Patna,Bihar,East,25.5941,85.1376,2024-02-20
CUST-0125,Ananya Malhotra,customer125@email.com,Ahmedabad,Gujarat,West,23.0225,72.5714,2024-02-20
CUST-0126,Amit Singh,customer126@email.com,Surat,Gujarat,West,21.1702,72.8311,2024-02-20
CUST-0127,Sneha Kumar,customer127@email.com,Chennai,Tamil Nadu,South,13.0827,80.2707,2024-02-21
CUST-0128,Amit Kapoor,customer128@email.com,Nagpur,Maharashtra,West,21.1458,79.0882,2024-02-21
CUST-0129,Karan Singh,customer129@email.com,Mumbai,Maharashtra,West,19.076,72.8777,2024-02-21
CUST-0130,Raj Singh,customer130@email.com,Bangalore,Karnataka,South,12.9716,77.5946,2024-02-21
CUST-0131,Arjun Sharma,customer131@email.com,Delhi,Delhi,North,28.7041,77.1025,2024-02-21
CUST-0132,Deepika Malhotra,customer132@email.com,Delhi,Delhi,North,28.7041,77.1025,2024-02-23
CUST-0133,Raj Patel,customer133@email.com,Mumbai,Maharashtra,West,19.076,72.8777,2024-02-24
CUST-0134,Deepika Sharma,customer134@email.com,Kolkata,West Bengal,East,22.5726,88.3639,2024-02-24
CUST-0135,Suresh Rao,customer135@email.com,Ahmedabad,Gujarat,West,23.0225,72.5714,2024-02-25
CUST-0136,Neha Reddy,customer136@email.com,Chennai,Tamil Nadu,South,13.0827,80.2707,2024-02-25
CUST-0137,Kavita Kumar,customer137@email.com,Mumbai,Maharashtra,West,19.076,72.8777,2024-02-25
CUST-0138,Raj Rao,customer138@email.com,Jaipur,Rajasthan,North,26.9124,75.7873,2024-02-25
CUST-0139,Swati Das,customer139@email.com,Kolkata,West Bengal,East,22.5726,88.3639,2024-02-26
CUST-0140,Swati Joshi,customer140@email.com,Bangalore,Karnataka,South,12.9716,77.5946,2024-02-26
CUST-0141,Divya Rao,customer141@email.com,Kolkata,West Bengal,East,22.5726,88.3639,2024-02-26
CUST-0142,Manish Patel,customer142@email.com,Delhi,Delhi,North,28.7041,77.1025,2024-02-26
CUST-0143,Rahul Malhotra,customer143@email.com,Bangalore,Karnataka,South,12.9716,77.5946,2024-02-26
CUST-0144,Meena Gupta,customer144@email.com,Indore,Madhya Pradesh,Central,22.7196,75.8577,2024-02-26
CUST-0145,Vikram Malhotra,customer145@email.com,Delhi,Delhi,North,28.7041,77.1025,2024-02-27
CUST-0146,Arjun Joshi,customer146@email.com,Hyderabad,Telangana,South,17.385,78.4867,2024-02-27
CUST-0147,Amit Kumar,customer147@email.com,Bhopal,Madhya Pradesh,Central,23.2599,77.4126,2024-02-27
CUST-0148,Swati Malhotra,customer148@email.com,Pune,Maharashtra,West,18.5204,73.8567,2024-02-27
CUST-0149,Amit Singh,customer149@email.com,Mumbai,Maharashtra,West,19.076,72.8777,2024-02-27
CUST-0150,Rahul Nair,customer150@email.com,Mumbai,Maharashtra,West,19.076,72.8777,2024-02-28
CUST-0151,Divya Mehta,customer151@email.com,Mumbai,Maharashtra,West,19.076,72.8777,2024-02-28
CUST-0152,Manish Nair,customer152@email.com,Kolkata,West Bengal,East,22.5726,88.3639,2024-02-28
CUST-0153,Sneha Verma,customer153@email.com,Hyderabad,Telangana,South,17.385,78.4867,2024-02-28
CUST-0154,Deepika Singh,customer154@email.com,Mumbai,Maharashtra,West,19.076,72.8777,2024-03-01
CUST-0155,Amit Malhotra,customer155@email.com,Patna,Bihar,East,25.5941,85.1376,2024-03-02
CUST-0156,Amit Joshi,customer156@email.com,Hyderabad,Telangana,South,17.385,78.4867,2024-03-02
CUST-0157,Neha Malhotra,customer157@email.com,Delhi,Delhi,North,28.7041,77.1025,2024-03-02
CUST-0158,Pooja Patel,customer158@email.com,Hyderabad,Telangana,South,17.385,78.4867,2024-03-03
CUST-0159,Priya Verma,customer159@email.com,Kolkata,West Bengal,East,22.5726,88.3639,2024-03-04
CUST-0160,Amit Malhotra,customer160@email.com,Mumbai,Maharashtra,West,19.076,72.8777,2024-03-04
CUST-0161,Arjun Singh,customer161@email.com,Delhi,Delhi,North,28.7041,77.1025,2024-03-05
CUST-0162,Rahul Singh,customer162@email.com,Jaipur,Rajasthan,North,26.9124,75.7873,2024-03-05
CUST-0163,Rahul Chopra,customer163@email.com,Hyderabad,Telangana,South,17.385,78.4867,2024-03-06
CUST-0164,Swati Singh,customer164@email.com,Chennai,Tamil Nadu,South,13.0827,80.2707,2024-03-06
CUST-0165,Deepika Reddy,customer165@email.com,Bangalore,Karnataka,South,12.9716,77.5946,2024-03-06
CUST-0166,Amit Sharma,customer166@email.com,Mumbai,Maharashtra,West,19.076,72.8777,2024-03-06
CUST-0167,Rahul Malhotra,customer167@email.com,Mumbai,Maharashtra,West,19.076,72.8777,2024-03-07
CUST-0168,Meena Mehta,customer168@email.com,Hyderabad,Telangana,South,17.385,78.4867,2024-03-08
CUST-0169,Karan Verma,customer169@email.com,Delhi,Delhi,North,28.7041,77.1025,2024-03-08
CUST-0170,Pooja Chopra,customer170@email.com,Mumbai,Maharashtra,West,19.076,72.8777,2024-03-08
CUST-0171,Ananya Verma,customer171@email.com,Lucknow,Uttar Pradesh,North,26.8467,80.9462,2024-03-08
CUST-0172,Nikhil Kumar,customer172@email.com,Surat,Gujarat,West,21.1702,72.8311,2024-03-08
CUST-0173,Deepika Mehta,customer173@email.com,Jaipur,Rajasthan,North,26.9124,75.7873,2024-03-09
CUST-0174,Priya Gupta,customer174@email.com,Lucknow,Uttar Pradesh,North,26.8467,80.9462,2024-03-09
CUST-0175,Rahul Rao,customer175@email.com,Delhi,Delhi,North,28.7041,77.1025,2024-03-09
CUST-0176,Rohan Malhotra,customer176@email.com,Nagpur,Maharashtra,West,21.1458,79.0882,2024-03-09
CUST-0177,Rahul Gupta,customer177@email.com,Delhi,Delhi,North,28.7041,77.1025,2024-03-09
CUST-0178,Swati Kumar,customer178@email.com,Patna,Bihar,East,25.5941,85.1376,2024-03-09
CUST-0179,Sneha Kumar,customer179@email.com,Surat,Gujarat,West,21.1702,72.8311,2024-03-09
CUST-0180,Manish Malhotra,customer180@email.com,Pune,Maharashtra,West,18.5204,73.8567,2024-03-09
CUST-0181,Manish Rao,customer181@email.com,Surat,Gujarat,West,21.1702,72.8311,2024-03-10
CUST-0182,Pooja Gupta,customer182@email.com,Chennai,Tamil Nadu,South,13.0827,80.2707,2024-03-10
CUST-0183,Ananya Kumar,customer183@email.com,Delhi,Delhi,North,28.7041,77.1025,2024-03-10
CUST-0184,Arjun Gupta,customer184@email.com,Bangalore,Karnataka,South,12.9716,77.5946,2024-03-10
CUST-0185,Manish Chopra,customer185@email.com,Chennai,Tamil Nadu,South,13.0827,80.2707,2024-03-11
CUST-0186,Amit Rao,customer186@email.com,Mumbai,Maharashtra,West,19.076,72.8777,2024-03-11
CUST-0187,Rahul Singh,customer187@email.com,Kolkata,West Bengal,East,22.5726,88.3639,2024-03-11
CUST-0188,Rahul Malhotra,customer188@email.com,Surat,Gujarat,West,21.1702,72.8311,2024-03-11
CUST-0189,Amit Malhotra,customer189@email.com,Delhi,Delhi,North,28.7041,77.1025,2024-03-11
CUST-0190,Neha Joshi,customer190@email.com,Jaipur,Rajasthan,North,26.9124,75.7873,2024-03-11
CUST-0191,Kavita Kapoor,customer191@email.com,Bhopal,Madhya Pradesh,Central,23.2599,77.4126,2024-03-12
CUST-0192,Amit Nair,customer192@email.com,Patna,Bihar,East,25.5941,85.1376,2024-03-12
CUST-0193,Pooja Nair,customer193@email.com,Nagpur,Maharashtra,West,21.1458,79.0882,2024-03-13
CUST-0194,Neha Malhotra,customer194@email.com,Hyderabad,Telangana,South,17.385,78.4867,2024-03-13
CUST-0195,Rohan Verma,customer195@email.com,Nagpur,Maharashtra,West,21.1458,79.0882,2024-03-13
CUST-0196,Priya Kapoor,customer196@email.com,Ahmedabad,Gujarat,West,23.0225,72.5714,2024-03-13
CUST-0197,Kavita Patel,customer197@email.com,Mumbai,Maharashtra,West,19.076,72.8777,2024-03-14
CUST-0198,Manish Nair,customer198@email.com,Hyderabad,Telangana,South,17.385,78.4867,2024-03-14
CUST-0199,Rahul Joshi,customer199@email.com,Pune,Maharashtra,West,18.5204,73.8567,2024-03-14
CUST-0200,Suresh Verma,customer200@email.com,Delhi,Delhi,North,28.7041,77.1025,2024-03-14
CUST-0201,Swati Reddy,customer201@email.com,Kolkata,West Bengal,East,22.5726,88.3639,2024-03-15
CUST-0202,Kavita Reddy,customer202@email.com,Kolkata,West Bengal,East,22.5726,88.3639,2024-03-15
CUST-0203,Amit Patel,customer203@email.com,Mumbai,Maharashtra,West,19.076,72.8777,2024-03-15
CUST-0204,Nikhil Rao,customer204@email.com,Chennai,Tamil Nadu,South,13.0827,80.2707,2024-03-15
CUST-0205,Raj Joshi,customer205@email.com,Ahmedabad,Gujarat,West,23.0225,72.5714,2024-03-16
CUST-0206,Sneha Menon,customer206@email.com,Hyderabad,Telangana,South,17.385,78.4867,2024-03-16
CUST-0207,Divya Sharma,customer207@email.com,Mumbai,Maharashtra,West,19.076,72.8777,2024-03-16
CUST-0208,Deepika Malhotra,customer208@email.com,Mumbai,Maharashtra,West,19.076,72.8777,2024-03-18
CUST-0209,Pooja Malhotra,customer209@email.com,Bangalore,Karnataka,South,12.9716,77.5946,2024-03-18
CUST-0210,Pooja Rao,customer210@email.com,Indore,Madhya Pradesh,Central,22.7196,75.8577,2024-03-18
CUST-0211,Karan Reddy,customer211@email.com,Delhi,Delhi,North,28.7041,77.1025,2024-03-18
CUST-0212,Rohan Rao,customer212@email.com,Kolkata,West Bengal,East,22.5726,88.3639,2024-03-19
CUST-0213,Priya Patel,customer213@email.com,Delhi,Delhi,North,28.7041,77.1025,2024-03-19
CUST-0214,Karan Joshi,customer214@email.com,Bangalore,Karnataka,South,12.9716,77.5946,2024-03-19
CUST-0215,Manish Singh,customer215@email.com,Lucknow,Uttar Pradesh,North,26.8467,80.9462,2024-03-19
CUST-0216,Kavita Verma,customer216@email.com,Pune,Maharashtra,West,18.5204,73.8567,2024-03-19
CUST-0217,Rohan Verma,customer217@email.com,Mumbai,Maharashtra,West,19.076,72.8777,2024-03-19
CUST-0218,Suresh Rao,customer218@email.com,Bangalore,Karnataka,South,12.9716,77.5946,2024-03-19
CUST-0219,Vikram Sharma,customer219@email.com,Mumbai,Maharashtra,West,19.076,72.8777,2024-03-20
CUST-0220,Deepika Gupta,customer220@email.com,Hyderabad,Telangana,South,17.385,78.4867,2024-03-20
CUST-0221,Meena Rao,customer221@email.com,Kolkata,West Bengal,East,22.5726,88.3639,2024-03-21
CUST-0222,Vikram Reddy,customer222@email.com,Mumbai,Maharashtra,West,19.076,72.8777,2024-03-21
CUST-0223,Sneha Verma,customer223@email.com,Delhi,Delhi,North,28.7041,77.1025,2024-03-21
CUST-0224,Nikhil Malhotra,customer224@email.com,Bangalore,Karnataka,South,12.9716,77.5946,2024-03-22
CUST-0225,Divya Chopra,customer225@email.com,Indore,Madhya Pradesh,Central,22.7196,75.8577,2024-03-22
CUST-0226,Rohan Kumar,customer226@email.com,Surat,Gujarat,West,21.1702,72.8311,2024-03-22
CUST-0227,Deepika Singh,customer227@email.com,Mumbai,Maharashtra,West,19.076,72.8777,2024-03-22
CUST-0228,Swati Menon,customer228@email.com,Ahmedabad,Gujarat,West,23.0225,72.5714,2024-03-22
CUST-0229,Neha Rao,customer229@email.com,Bangalore,Karnataka,South,12.9716,77.5946,2024-03-22
CUST-0230,Kavita Chopra,customer230@email.com,Bangalore,Karnataka,South,12.9716,77.5946,2024-03-22
CUST-0231,Karan Sharma,customer231@email.com,Ahmedabad,Gujarat,West,23.0225,72.5714,2024-03-23
CUST-0232,Karan Rao,customer232@email.com,Indore,Madhya Pradesh,Central,22.7196,75.8577,2024-03-23
CUST-0233,Vikram Das,customer233@email.com,Patna,Bihar,East,25.5941,85.1376,2024-03-24
CUST-0234,Arjun Rao,customer234@email.com,Chennai,Tamil Nadu,South,13.0827,80.2707,2024-03-24
CUST-0235,Rahul Das,customer235@email.com,Bangalore,Karnataka,South,12.9716,77.5946,2024-03-24
CUST-0236,Rahul Kapoor,customer236@email.com,Ahmedabad,Gujarat,West,23.0225,72.5714,2024-03-24
CUST-0237,Priya Malhotra,customer237@email.com,Delhi,Delhi,North,28.7041,77.1025,2024-03-25
CUST-0238,Swati Joshi,customer238@email.com,Chennai,Tamil Nadu,South,13.0827,80.2707,2024-03-25
CUST-0239,Deepika Menon,customer239@email.com,Bangalore,Karnataka,South,12.9716,77.5946,2024-03-25
CUST-0240,Rahul Malhotra,customer240@email.com,Kolkata,West Bengal,East,22.5726,88.3639,2024-03-25
CUST-0241,Raj Malhotra,customer241@email.com,Delhi,Delhi,North,28.7041,77.1025,2024-03-26
CUST-0242,Vikram Verma,customer242@email.com,Delhi,Delhi,North,28.7041,77.1025,2024-03-27
CUST-0243,Amit Rao,customer243@email.com,Indore,Madhya Pradesh,Central,22.7196,75.8577,2024-03-27
CUST-0244,Swati Kumar,customer244@email.com,Mumbai,Maharashtra,West,19.076,72.8777,2024-03-27
CUST-0245,Vikram Verma,customer245@email.com,Hyderabad,Telangana,South,17.385,78.4867,2024-03-28
CUST-0246,Pooja Rao,customer246@email.com,Delhi,Delhi,North,28.7041,77.1025,2024-03-28
CUST-0247,Vikram Kapoor,customer247@email.com,Mumbai,Maharashtra,West,19.076,72.8777,2024-03-28
CUST-0248,Manish Chopra,customer248@email.com,Mumbai,Maharashtra,West,19.076,72.8777,2024-03-30
CUST-0249,Pooja Chopra,customer249@email.com,Mumbai,Maharashtra,West,19.076,72.8777,2024-03-30
CUST-0250,Divya Gupta,customer250@email.com,Lucknow,Uttar Pradesh,North,26.8467,80.9462,2024-03-30
CUST-0251,Meena Malhotra,customer251@email.com,Delhi,Delhi,North,28.7041,77.1025,2024-03-30
CUST-0252,Swati Gupta,customer252@email.com,Patna,Bihar,East,25.5941,85.1376,2024-03-30
CUST-0253,Raj Singh,customer253@email.com,Chennai,Tamil Nadu,South,13.0827,80.2707,2024-03-31
CUST-0254,Rahul Chopra,customer254@email.com,Bangalore,Karnataka,South,12.9716,77.5946,2024-03-31
CUST-0255,Vikram Reddy,customer255@email.com,Chennai,Tamil Nadu,South,13.0827,80.2707,2024-04-01
CUST-0256,Kavita Verma,customer256@email.com,Hyderabad,Telangana,South,17.385,78.4867,2024-04-01
CUST-0257,Vikram Singh,customer257@email.com,Ahmedabad,Gujarat,West,23.0225,72.5714,2024-04-01
CUST-0258,Priya Singh,customer258@email.com,Delhi,Delhi,North,28.7041,77.1025,2024-04-01
CUST-0259,Kavita Das,customer259@email.com,Bangalore,Karnataka,South,12.9716,77.5946,2024-04-02
CUST-0260,Karan Das,customer260@email.com,Bhopal,Madhya Pradesh,Central,23.2599,77.4126,2024-04-02
CUST-0261,Rahul Nair,customer261@email.com,Patna,Bihar,East,25.5941,85.1376,2024-04-02
CUST-0262,Vikram Menon,customer262@email.com,Bhopal,Madhya Pradesh,Central,23.2599,77.4126,2024-04-02
CUST-0263,Sneha Malhotra,customer263@email.com,Bangalore,Karnataka,South,12.9716,77.5946,2024-04-03
CUST-0264,Swati Reddy,customer264@email.com,Ahmedabad,Gujarat,West,23.0225,72.5714,2024-04-03
CUST-0265,Priya Sharma,customer265@email.com,Hyderabad,Telangana,South,17.385,78.4867,2024-04-04
CUST-0266,Divya Nair,customer266@email.com,Hyderabad,Telangana,South,17.385,78.4867,2024-04-04
CUST-0267,Meena Patel,customer267@email.com,Delhi,Delhi,North,28.7041,77.1025,2024-04-05
CUST-0268,Amit Rao,customer268@email.com,Chennai,Tamil Nadu,South,13.0827,80.2707,2024-04-06
CUST-0269,Rahul Sharma,customer269@email.com,Delhi,Delhi,North,28.7041,77.1025,2024-04-06
CUST-0270,Karan Mehta,customer270@email.com,Bangalore,Karnataka,South,12.9716,77.5946,2024-04-06
CUST-0271,Vikram Rao,customer271@email.com,Lucknow,Uttar Pradesh,North,26.8467,80.9462,2024-04-06
CUST-0272,Amit Sharma,customer272@email.com,Delhi,Delhi,North,28.7041,77.1025,2024-04-06
CUST-0273,Rahul Nair,customer273@email.com,Mumbai,Maharashtra,West,19.076,72.8777,2024-04-07
CUST-0274,Kavita Mehta,customer274@email.com,Mumbai,Maharashtra,West,19.076,72.8777,2024-04-07
CUST-0275,Meena Menon,customer275@email.com,Patna,Bihar,East,25.5941,85.1376,2024-04-08
CUST-0276,Nikhil Rao,customer276@email.com,Hyderabad,Telangana,South,17.385,78.4867,2024-04-08
CUST-0277,Pooja Patel,customer277@email.com,Bangalore,Karnataka,South,12.9716,77.5946,2024-04-08
CUST-0278,Karan Patel,customer278@email.com,Jaipur,Rajasthan,North,26.9124,75.7873,2024-04-08
CUST-0279,Amit Reddy,customer279@email.com,Jaipur,Rajasthan,North,26.9124,75.7873,2024-04-09
CUST-0280,Manish Das,customer280@email.com,Bangalore,Karnataka,South,12.9716,77.5946,2024-04-09
CUST-0281,Deepika Menon,customer281@email.com,Pune,Maharashtra,West,18.5204,73.8567,2024-04-10
CUST-0282,Kavita Das,customer282@email.com,Ahmedabad,Gujarat,West,23.0225,72.5714,2024-04-10
CUST-0283,Priya Kumar,customer283@email.com,Kolkata,West Bengal,East,22.5726,88.3639,2024-04-10
CUST-0284,Arjun Reddy,customer284@email.com,Mumbai,Maharashtra,West,19.076,72.8777,2024-04-10
CUST-0285,Sneha Das,customer285@email.com,Lucknow,Uttar Pradesh,North,26.8467,80.9462,2024-04-10
CUST-0286,Neha Menon,customer286@email.com,Chennai,Tamil Nadu,South,13.0827,80.2707,2024-04-11
CUST-0287,Suresh Menon,customer287@email.com,Delhi,Delhi,North,28.7041,77.1025,2024-04-11
CUST-0288,Sneha Joshi,customer288@email.com,Bangalore,Karnataka,South,12.9716,77.5946,2024-04-12
CUST-0289,Sneha Das,customer289@email.com,Mumbai,Maharashtra,West,19.076,72.8777,2024-04-12
CUST-0290,Vikram Joshi,customer290@email.com,Mumbai,Maharashtra,West,19.076,72.8777,2024-04-12
CUST-0291,Amit Sharma,customer291@email.com,Ahmedabad,Gujarat,West,23.0225,72.5714,2024-04-12
CUST-0292,Amit Malhotra,customer292@email.com,Mumbai,Maharashtra,West,19.076,72.8777,2024-04-13
CUST-0293,Sneha Patel,customer293@email.com,Bangalore,Karnataka,South,12.9716,77.5946,2024-04-14
CUST-0294,Manish Reddy,customer294@email.com,Hyderabad,Telangana,South,17.385,78.4867,2024-04-14
CUST-0295,Vikram Rao,customer295@email.com,Mumbai,Maharashtra,West,19.076,72.8777,2024-04-14
CUST-0296,Manish Reddy,customer296@email.com,Nagpur,Maharashtra,West,21.1458,79.0882,2024-04-14
CUST-0297,Nikhil Reddy,customer297@email.com,Delhi,Delhi,North,28.7041,77.1025,2024-04-15
CUST-0298,Amit Joshi,customer298@email.com,Delhi,Delhi,North,28.7041,77.1025,2024-04-15
CUST-0299,Manish Sharma,customer299@email.com,Delhi,Delhi,North,28.7041,77.1025,2024-04-15
CUST-0300,Divya Malhotra,customer300@email.com,Delhi,Delhi,North,28.7041,77.1025,2024-04-15
CUST-0301,Nikhil Mehta,customer301@email.com,Mumbai,Maharashtra,West,19.076,72.8777,2024-04-15
CUST-0302,Karan Sharma,customer302@email.com,Pune,Maharashtra,West,18.5204,73.8567,2024-04-15
CUST-0303,Sneha Rao,customer303@email.com,Nagpur,Maharashtra,West,21.1458,79.0882,2024-04-16
CUST-0304,Arjun Kumar,customer304@email.com,Delhi,Delhi,North,28.7041,77.1025,2024-04-16
CUST-0305,Meena Joshi,customer305@email.com,Kolkata,West Bengal,East,22.5726,88.3639,2024-04-17
CUST-0306,Raj Rao,customer306@email.com,Ahmedabad,Gujarat,West,23.0225,72.5714,2024-04-17
CUST-0307,Pooja Kapoor,customer307@email.com,Lucknow,Uttar Pradesh,North,26.8467,80.9462,2024-04-17
CUST-0308,Divya Kumar,customer308@email.com,Bangalore,Karnataka,South,12.9716,77.5946,2024-04-18
CUST-0309,Rohan Malhotra,customer309@email.com,Delhi,Delhi,North,28.7041,77.1025,2024-04-18
CUST-0310,Vikram Kumar,customer310@email.com,Bangalore,Karnataka,South,12.9716,77.5946,2024-04-18
CUST-0311,Meena Joshi,customer311@email.com,Pune,Maharashtra,West,18.5204,73.8567,2024-04-19
CUST-0312,Divya Mehta,customer312@email.com,Jaipur,Rajasthan,North,26.9124,75.7873,2024-04-19
CUST-0313,Sneha Gupta,customer313@email.com,Delhi,Delhi,North,28.7041,77.1025,2024-04-20
CUST-0314,Swati Joshi,customer314@email.com,Bangalore,Karnataka,South,12.9716,77.5946,2024-04-20
CUST-0315,Raj Menon,customer315@email.com,Bhopal,Madhya Pradesh,Central,23.2599,77.4126,2024-04-21
CUST-0316,Kavita Das,customer316@email.com,Jaipur,Rajasthan,North,26.9124,75.7873,2024-04-21
CUST-0317,Raj Chopra,customer317@email.com,Surat,Gujarat,West,21.1702,72.8311,2024-04-21
CUST-0318,Vikram Kumar,customer318@email.com,Ahmedabad,Gujarat,West,23.0225,72.5714,2024-04-21
CUST-0319,Suresh Mehta,customer319@email.com,Bangalore,Karnataka,South,12.9716,77.5946,2024-04-21
CUST-0320,Neha Kapoor,customer320@email.com,Chennai,Tamil Nadu,South,13.0827,80.2707,2024-04-21
CUST-0321,Meena Joshi,customer321@email.com,Kolkata,West Bengal,East,22.5726,88.3639,2024-04-22
CUST-0322,Kavita Das,customer322@email.com,Mumbai,Maharashtra,West,19.076,72.8777,2024-04-23
CUST-0323,Meena Sharma,customer323@email.com,Chennai,Tamil Nadu,South,13.0827,80.2707,2024-04-23
CUST-0324,Ananya Reddy,customer324@email.com,Pune,Maharashtra,West,18.5204,73.8567,2024-04-23
CUST-0325,Pooja Menon,customer325@email.com,Mumbai,Maharashtra,West,19.076,72.8777,2024-04-23
CUST-0326,Deepika Das,customer326@email.com,Ahmedabad,Gujarat,West,23.0225,72.5714,2024-04-23
CUST-0327,Arjun Patel,customer327@email.com,Chennai,Tamil Nadu,South,13.0827,80.2707,2024-04-23
CUST-0328,Priya Gupta,customer328@email.com,Patna,Bihar,East,25.5941,85.1376,2024-04-24
CUST-0329,Vikram Verma,customer329@email.com,Mumbai,Maharashtra,West,19.076,72.8777,2024-04-24
CUST-0330,Karan Nair,customer330@email.com,Delhi,Delhi,North,28.7041,77.1025,2024-04-24
CUST-0331,Swati Menon,customer331@email.com,Chennai,Tamil Nadu,South,13.0827,80.2707,2024-04-25
CUST-0332,Rahul Verma,customer332@email.com,Delhi,Delhi,North,28.7041,77.1025,2024-04-25
CUST-0333,Divya Sharma,customer333@email.com,Pune,Maharashtra,West,18.5204,73.8567,2024-04-26
CUST-0334,Raj Joshi,customer334@email.com,Ahmedabad,Gujarat,West,23.0225,72.5714,2024-04-26
CUST-0335,Nikhil Singh,customer335@email.com,Mumbai,Maharashtra,West,19.076,72.8777,2024-04-26
CUST-0336,Sneha Verma,customer336@email.com,Hyderabad,Telangana,South,17.385,78.4867,2024-04-26
CUST-0337,Karan Menon,customer337@email.com,Hyderabad,Telangana,South,17.385,78.4867,2024-04-26
CUST-0338,Meena Verma,customer338@email.com,Bangalore,Karnataka,South,12.9716,77.5946,2024-04-26
CUST-0339,Raj Mehta,customer339@email.com,Indore,Madhya Pradesh,Central,22.7196,75.8577,2024-04-27
CUST-0340,Kavita Das,customer340@email.com,Jaipur,Rajasthan,North,26.9124,75.7873,2024-04-27
CUST-0341,Karan Reddy,customer341@email.com,Pune,Maharashtra,West,18.5204,73.8567,2024-04-28
CUST-0342,Amit Menon,customer342@email.com,Pune,Maharashtra,West,18.5204,73.8567,2024-04-28
CUST-0343,Nikhil Patel,customer343@email.com,Hyderabad,Telangana,South,17.385,78.4867,2024-04-29
CUST-0344,Divya Rao,customer344@email.com,Indore,Madhya Pradesh,Central,22.7196,75.8577,2024-04-29
CUST-0345,Deepika Menon,customer345@email.com,Pune,Maharashtra,West,18.5204,73.8567,2024-04-29
CUST-0346,Arjun Reddy,customer346@email.com,Pune,Maharashtra,West,18.5204,73.8567,2024-04-30
CUST-0347,Rahul Kumar,customer347@email.com,Lucknow,Uttar Pradesh,North,26.8467,80.9462,2024-04-30
CUST-0348,Nikhil Rao,customer348@email.com,Delhi,Delhi,North,28.7041,77.1025,2024-04-30
CUST-0349,Manish Joshi,customer349@email.com,Jaipur,Rajasthan,North,26.9124,75.7873,2024-05-01
CUST-0350,Rahul Verma,customer350@email.com,Delhi,Delhi,North,28.7041,77.1025,2024-05-01
CUST-0351,Ananya Das,customer351@email.com,Bangalore,Karnataka,South,12.9716,77.5946,2024-05-02
CUST-0352,Meena Menon,customer352@email.com,Bangalore,Karnataka,South,12.9716,77.5946,2024-05-02
CUST-0353,Nikhil Menon,customer353@email.com,Nagpur,Maharashtra,West,21.1458,79.0882,2024-05-02
CUST-0354,Rohan Gupta,customer354@email.com,Lucknow,Uttar Pradesh,North,26.8467,80.9462,2024-05-02
CUST-0355,Swati Verma,customer355@email.com,Pune,Maharashtra,West,18.5204,73.8567,2024-05-02
CUST-0356,Suresh Rao,customer356@email.com,Pune,Maharashtra,West,18.5204,73.8567,2024-05-04
CUST-0357,Vikram Singh,customer357@email.com,Chennai,Tamil Nadu,South,13.0827,80.2707,2024-05-04
CUST-0358,Amit Kumar,customer358@email.com,Patna,Bihar,East,25.5941,85.1376,2024-05-04
CUST-0359,Divya Joshi,customer359@email.com,Hyderabad,Telangana,South,17.385,78.4867,2024-05-05
CUST-0360,Neha Kapoor,customer360@email.com,Bangalore,Karnataka,South,12.9716,77.5946,2024-05-05
CUST-0361,Arjun Sharma,customer361@email.com,Mumbai,Maharashtra,West,19.076,72.8777,2024-05-05
CUST-0362,Pooja Kapoor,customer362@email.com,Ahmedabad,Gujarat,West,23.0225,72.5714,2024-05-05
CUST-0363,Rahul Gupta,customer363@email.com,Pune,Maharashtra,West,18.5204,73.8567,2024-05-05
CUST-0364,Amit Malhotra,customer364@email.com,Bangalore,Karnataka,South,12.9716,77.5946,2024-05-06
CUST-0365,Suresh Rao,customer365@email.com,Mumbai,Maharashtra,West,19.076,72.8777,2024-05-07
CUST-0366,Kavita Malhotra,customer366@email.com,Jaipur,Rajasthan,North,26.9124,75.7873,2024-05-07
CUST-0367,Swati Nair,customer367@email.com,Mumbai,Maharashtra,West,19.076,72.8777,2024-05-07
CUST-0368,Ananya Rao,customer368@email.com,Pune,Maharashtra,West,18.5204,73.8567,2024-05-07
CUST-0369,Deepika Das,customer369@email.com,Nagpur,Maharashtra,West,21.1458,79.0882,2024-05-08
CUST-0370,Sneha Das,customer370@email.com,Bangalore,Karnataka,South,12.9716,77.5946,2024-05-08
CUST-0371,Deepika Das,customer371@email.com,Delhi,Delhi,North,28.7041,77.1025,2024-05-08
CUST-0372,Neha Rao,customer372@email.com,Pune,Maharashtra,West,18.5204,73.8567,2024-05-08
CUST-0373,Vikram Joshi,customer373@email.com,Jaipur,Rajasthan,North,26.9124,75.7873,2024-05-08
CUST-0374,Sneha Malhotra,customer374@email.com,Chennai,Tamil Nadu,South,13.0827,80.2707,2024-05-09
CUST-0375,Manish Joshi,customer375@email.com,Nagpur,Maharashtra,West,21.1458,79.0882,2024-05-09
CUST-0376,Rahul Gupta,customer376@email.com,Mumbai,Maharashtra,West,19.076,72.8777,2024-05-09
CUST-0377,Divya Menon,customer377@email.com,Hyderabad,Telangana,South,17.385,78.4867,2024-05-09
CUST-0378,Swati Menon,customer378@email.com,Pune,Maharashtra,West,18.5204,73.8567,2024-05-09
CUST-0379,Nikhil Chopra,customer379@email.com,Lucknow,Uttar Pradesh,North,26.8467,80.9462,2024-05-09
CUST-0380,Amit Menon,customer380@email.com,Mumbai,Maharashtra,West,19.076,72.8777,2024-05-09
CUST-0381,Ananya Patel,customer381@email.com,Jaipur,Rajasthan,North,26.9124,75.7873,2024-05-10
CUST-0382,Karan Malhotra,customer382@email.com,Chennai,Tamil Nadu,South,13.0827,80.2707,2024-05-10
CUST-0383,Vikram Kapoor,customer383@email.com,Bangalore,Karnataka,South,12.9716,77.5946,2024-05-11
CUST-0384,Priya Das,customer384@email.com,Mumbai,Maharashtra,West,19.076,72.8777,2024-05-11
CUST-0385,Neha Mehta,customer385@email.com,Lucknow,Uttar Pradesh,North,26.8467,80.9462,2024-05-11
CUST-0386,Nikhil Gupta,customer386@email.com,Mumbai,Maharashtra,West,19.076,72.8777,2024-05-11
CUST-0387,Rahul Verma,customer387@email.com,Delhi,Delhi,North,28.7041,77.1025,2024-05-11
CUST-0388,Rahul Patel,customer388@email.com,Delhi,Delhi,North,28.7041,77.1025,2024-05-12
CUST-0389,Rohan Sharma,customer389@email.com,Lucknow,Uttar Pradesh,North,26.8467,80.9462,2024-05-12
CUST-0390,Suresh Gupta,customer390@email.com,Kolkata,West Bengal,East,22.5726,88.3639,2024-05-12
CUST-0391,Manish Menon,customer391@email.com,Jaipur,Rajasthan,North,26.9124,75.7873,2024-05-12
CUST-0392,Rahul Patel,customer392@email.com,Delhi,Delhi,North,28.7041,77.1025,2024-05-13
CUST-0393,Arjun Kumar,customer393@email.com,Kolkata,West Bengal,East,22.5726,88.3639,2024-05-13
CUST-0394,Rahul Gupta,customer394@email.com,Chennai,Tamil Nadu,South,13.0827,80.2707,2024-05-13
CUST-0395,Swati Reddy,customer395@email.com,Jaipur,Rajasthan,North,26.9124,75.7873,2024-05-14
CUST-0396,Ananya Rao,customer396@email.com,Bhopal,Madhya Pradesh,Central,23.2599,77.4126,2024-05-14
CUST-0397,Manish Gupta,customer397@email.com,Mumbai,Maharashtra,West,19.076,72.8777,2024-05-17
CUST-0398,Vikram Verma,customer398@email.com,Kolkata,West Bengal,East,22.5726,88.3639,2024-05-18
CUST-0399,Amit Gupta,customer399@email.com,Mumbai,Maharashtra,West,19.076,72.8777,2024-05-18
CUST-0400,Vikram Gupta,customer400@email.com,Chennai,Tamil Nadu,South,13.0827,80.2707,2024-05-19
CUST-0401,Vikram Das,customer401@email.com,Delhi,Delhi,North,28.7041,77.1025,2024-05-19
CUST-0402,Kavita Kumar,customer402@email.com,Delhi,Delhi,North,28.7041,77.1025,2024-05-19
CUST-0403,Manish Gupta,customer403@email.com,Bangalore,Karnataka,South,12.9716,77.5946,2024-05-19
CUST-0404,Pooja Joshi,customer404@email.com,Kolkata,West Bengal,East,22.5726,88.3639,2024-05-20
CUST-0405,Pooja Sharma,customer405@email.com,Bangalore,Karnataka,South,12.9716,77.5946,2024-05-20
CUST-0406,Karan Menon,customer406@email.com,Pune,Maharashtra,West,18.5204,73.8567,2024-05-22
CUST-0407,Nikhil Singh,customer407@email.com,Bangalore,Karnataka,South,12.9716,77.5946,2024-05-22
CUST-0408,Rahul Sharma,customer408@email.com,Mumbai,Maharashtra,West,19.076,72.8777,2024-05-22
CUST-0409,Deepika Malhotra,customer409@email.com,Ahmedabad,Gujarat,West,23.0225,72.5714,2024-05-23
CUST-0410,Priya Rao,customer410@email.com,Delhi,Delhi,North,28.7041,77.1025,2024-05-23
CUST-0411,Deepika Reddy,customer411@email.com,Bangalore,Karnataka,South,12.9716,77.5946,2024-05-23
CUST-0412,Priya Verma,customer412@email.com,Pune,Maharashtra,West,18.5204,73.8567,2024-05-23
CUST-0413,Amit Mehta,customer413@email.com,Bangalore,Karnataka,South,12.9716,77.5946,2024-05-24
CUST-0414,Neha Rao,customer414@email.com,Mumbai,Maharashtra,West,19.076,72.8777,2024-05-24
CUST-0415,Rahul Verma,customer415@email.com,Bangalore,Karnataka,South,12.9716,77.5946,2024-05-25
CUST-0416,Meena Gupta,customer416@email.com,Patna,Bihar,East,25.5941,85.1376,2024-05-25
CUST-0417,Manish Malhotra,customer417@email.com,Kolkata,West Bengal,East,22.5726,88.3639,2024-05-25
CUST-0418,Rohan Reddy,customer418@email.com,Kolkata,West Bengal,East,22.5726,88.3639,2024-05-26
CUST-0419,Rohan Gupta,customer419@email.com,Kolkata,West Bengal,East,22.5726,88.3639,2024-05-26
CUST-0420,Pooja Patel,customer420@email.com,Delhi,Delhi,North,28.7041,77.1025,2024-05-27
CUST-0421,Suresh Kumar,customer421@email.com,Bangalore,Karnataka,South,12.9716,77.5946,2024-05-28
CUST-0422,Raj Verma,customer422@email.com,Ahmedabad,Gujarat,West,23.0225,72.5714,2024-05-28
CUST-0423,Priya Verma,customer423@email.com,Mumbai,Maharashtra,West,19.076,72.8777,2024-05-28
CUST-0424,Neha Patel,customer424@email.com,Delhi,Delhi,North,28.7041,77.1025,2024-05-29
CUST-0425,Neha Chopra,customer425@email.com,Delhi,Delhi,North,28.7041,77.1025,2024-05-29
CUST-0426,Rohan Mehta,customer426@email.com,Bangalore,Karnataka,South,12.9716,77.5946,2024-05-29
CUST-0427,Karan Kapoor,customer427@email.com,Surat,Gujarat,West,21.1702,72.8311,2024-05-29
CUST-0428,Priya Singh,customer428@email.com,Mumbai,Maharashtra,West,19.076,72.8777,2024-05-30
CUST-0429,Ananya Sharma,customer429@email.com,Hyderabad,Telangana,South,17.385,78.4867,2024-05-30
CUST-0430,Rohan Rao,customer430@email.com,Mumbai,Maharashtra,West,19.076,72.8777,2024-05-31
CUST-0431,Kavita Kumar,customer431@email.com,Nagpur,Maharashtra,West,21.1458,79.0882,2024-05-31
CUST-0432,Manish Gupta,customer432@email.com,Mumbai,Maharashtra,West,19.076,72.8777,2024-05-31
CUST-0433,Sneha Das,customer433@email.com,Bangalore,Karnataka,South,12.9716,77.5946,2024-06-01
CUST-0434,Manish Das,customer434@email.com,Pune,Maharashtra,West,18.5204,73.8567,2024-06-02
CUST-0435,Manish Rao,customer435@email.com,Pune,Maharashtra,West,18.5204,73.8567,2024-06-02
CUST-0436,Divya Nair,customer436@email.com,Bangalore,Karnataka,South,12.9716,77.5946,2024-06-02
CUST-0437,Vikram Patel,customer437@email.com,Bangalore,Karnataka,South,12.9716,77.5946,2024-06-02
CUST-0438,Ananya Gupta,customer438@email.com,Bangalore,Karnataka,South,12.9716,77.5946,2024-06-02
CUST-0439,Priya Menon,customer439@email.com,Delhi,Delhi,North,28.7041,77.1025,2024-06-03
CUST-0440,Suresh Mehta,customer440@email.com,Delhi,Delhi,North,28.7041,77.1025,2024-06-03
CUST-0441,Swati Mehta,customer441@email.com,Hyderabad,Telangana,South,17.385,78.4867,2024-06-03
CUST-0442,Karan Kapoor,customer442@email.com,Delhi,Delhi,North,28.7041,77.1025,2024-06-03
CUST-0443,Swati Kapoor,customer443@email.com,Delhi,Delhi,North,28.7041,77.1025,2024-06-04
CUST-0444,Suresh Verma,customer444@email.com,Kolkata,West Bengal,East,22.5726,88.3639,2024-06-05
CUST-0445,Swati Nair,customer445@email.com,Nagpur,Maharashtra,West,21.1458,79.0882,2024-06-05
CUST-0446,Sneha Nair,customer446@email.com,Chennai,Tamil Nadu,South,13.0827,80.2707,2024-06-05
CUST-0447,Sneha Nair,customer447@email.com,Mumbai,Maharashtra,West,19.076,72.8777,2024-06-05
CUST-0448,Amit Malhotra,customer448@email.com,Mumbai,Maharashtra,West,19.076,72.8777,2024-06-06
CUST-0449,Amit Mehta,customer449@email.com,Patna,Bihar,East,25.5941,85.1376,2024-06-06
CUST-0450,Neha Menon,customer450@email.com,Delhi,Delhi,North,28.7041,77.1025,2024-06-06
CUST-0451,Karan Kumar,customer451@email.com,Mumbai,Maharashtra,West,19.076,72.8777,2024-06-07
CUST-0452,Vikram Patel,customer452@email.com,Chennai,Tamil Nadu,South,13.0827,80.2707,2024-06-07
CUST-0453,Kavita Menon,customer453@email.com,Kolkata,West Bengal,East,22.5726,88.3639,2024-06-09
CUST-0454,Ananya Sharma,customer454@email.com,Kolkata,West Bengal,East,22.5726,88.3639,2024-06-09
CUST-0455,Vikram Joshi,customer455@email.com,Delhi,Delhi,North,28.7041,77.1025,2024-06-09
CUST-0456,Meena Das,customer456@email.com,Mumbai,Maharashtra,West,19.076,72.8777,2024-06-09
CUST-0457,Pooja Patel,customer457@email.com,Nagpur,Maharashtra,West,21.1458,79.0882,2024-06-10
CUST-0458,Manish Chopra,customer458@email.com,Delhi,Delhi,North,28.7041,77.1025,2024-06-10
CUST-0459,Nikhil Mehta,customer459@email.com,Kolkata,West Bengal,East,22.5726,88.3639,2024-06-10
CUST-0460,Arjun Das,customer460@email.com,Pune,Maharashtra,West,18.5204,73.8567,2024-06-10
CUST-0461,Rohan Joshi,customer461@email.com,Kolkata,West Bengal,East,22.5726,88.3639,2024-06-11
CUST-0462,Rohan Nair,customer462@email.com,Delhi,Delhi,North,28.7041,77.1025,2024-06-12
CUST-0463,Suresh Kapoor,customer463@email.com,Delhi,Delhi,North,28.7041,77.1025,2024-06-12
CUST-0464,Swati Menon,customer464@email.com,Chennai,Tamil Nadu,South,13.0827,80.2707,2024-06-13
CUST-0465,Manish Das,customer465@email.com,Lucknow,Uttar Pradesh,North,26.8467,80.9462,2024-06-13
CUST-0466,Sneha Sharma,customer466@email.com,Patna,Bihar,East,25.5941,85.1376,2024-06-13
CUST-0467,Deepika Sharma,customer467@email.com,Mumbai,Maharashtra,West,19.076,72.8777,2024-06-14
CUST-0468,Amit Menon,customer468@email.com,Mumbai,Maharashtra,West,19.076,72.8777,2024-06-14
CUST-0469,Divya Kapoor,customer469@email.com,Patna,Bihar,East,25.5941,85.1376,2024-06-14
CUST-0470,Rohan Kapoor,customer470@email.com,Pune,Maharashtra,West,18.5204,73.8567,2024-06-14
CUST-0471,Pooja Das,customer471@email.com,Bhopal,Madhya Pradesh,Central,23.2599,77.4126,2024-06-14
CUST-0472,Pooja Nair,customer472@email.com,Delhi,Delhi,North,28.7041,77.1025,2024-06-15
CUST-0473,Priya Menon,customer473@email.com,Chennai,Tamil Nadu,South,13.0827,80.2707,2024-06-15
CUST-0474,Pooja Mehta,customer474@email.com,Pune,Maharashtra,West,18.5204,73.8567,2024-06-15
CUST-0475,Karan Reddy,customer475@email.com,Pune,Maharashtra,West,18.5204,73.8567,2024-06-16
CUST-0476,Amit Kapoor,customer476@email.com,Bangalore,Karnataka,South,12.9716,77.5946,2024-06-16
CUST-0477,Pooja Mehta,customer477@email.com,Mumbai,Maharashtra,West,19.076,72.8777,2024-06-16
CUST-0478,Rohan Rao,customer478@email.com,Chennai,Tamil Nadu,South,13.0827,80.2707,2024-06-17
CUST-0479,Nikhil Patel,customer479@email.com,Delhi,Delhi,North,28.7041,77.1025,2024-06-17
CUST-0480,Ananya Kumar,customer480@email.com,Hyderabad,Telangana,South,17.385,78.4867,2024-06-17
CUST-0481,Karan Kapoor,customer481@email.com,Patna,Bihar,East,25.5941,85.1376,2024-06-17
CUST-0482,Vikram Rao,customer482@email.com,Bangalore,Karnataka,South,12.9716,77.5946,2024-06-18
CUST-0483,Kavita Reddy,customer483@email.com,Jaipur,Rajasthan,North,26.9124,75.7873,2024-06-19
CUST-0484,Manish Reddy,customer484@email.com,Delhi,Delhi,North,28.7041,77.1025,2024-06-19
CUST-0485,Meena Joshi,customer485@email.com,Kolkata,West Bengal,East,22.5726,88.3639,2024-06-19
CUST-0486,Manish Menon,customer486@email.com,Nagpur,Maharashtra,West,21.1458,79.0882,2024-06-19
CUST-0487,Divya Joshi,customer487@email.com,Mumbai,Maharashtra,West,19.076,72.8777,2024-06-19
CUST-0488,Sneha Das,customer488@email.com,Mumbai,Maharashtra,West,19.076,72.8777,2024-06-20
CUST-0489,Amit Joshi,customer489@email.com,Bangalore,Karnataka,South,12.9716,77.5946,2024-06-20
CUST-0490,Nikhil Patel,customer490@email.com,Mumbai,Maharashtra,West,19.076,72.8777,2024-06-20
CUST-0491,Rohan Singh,customer491@email.com,Ahmedabad,Gujarat,West,23.0225,72.5714,2024-06-21
CUST-0492,Rohan Verma,customer492@email.com,Indore,Madhya Pradesh,Central,22.7196,75.8577,2024-06-21
CUST-0493,Priya Kapoor,customer493@email.com,Bangalore,Karnataka,South,12.9716,77.5946,2024-06-21
CUST-0494,Deepika Nair,customer494@email.com,Delhi,Delhi,North,28.7041,77.1025,2024-06-22
CUST-0495,Manish Rao,customer495@email.com,Bangalore,Karnataka,South,12.9716,77.5946,2024-06-22
CUST-0496,Karan Das,customer496@email.com,Pune,Maharashtra,West,18.5204,73.8567,2024-06-22
CUST-0497,Arjun Gupta,customer497@email.com,Mumbai,Maharashtra,West,19.076,72.8777,2024-06-24
CUST-0498,Ananya Singh,customer498@email.com,Chennai,Tamil Nadu,South,13.0827,80.2707,2024-06-24
CUST-0499,Priya Mehta,customer499@email.com,Kolkata,West Bengal,East,22.5726,88.3639,2024-06-24
CUST-0500,Nikhil Verma,customer500@email.com,Kolkata,West Bengal,East,22.5726,88.3639,2024-06-25
CUST-0501,Vikram Joshi,customer501@email.com,Delhi,Delhi,North,28.7041,77.1025,2024-06-25
CUST-0502,Rahul Gupta,customer502@email.com,Pune,Maharashtra,West,18.5204,73.8567,2024-06-26
CUST-0503,Ananya Verma,customer503@email.com,Mumbai,Maharashtra,West,19.076,72.8777,2024-06-26
CUST-0504,Swati Singh,customer504@email.com,Delhi,Delhi,North,28.7041,77.1025,2024-06-26
CUST-0505,Suresh Chopra,customer505@email.com,Lucknow,Uttar Pradesh,North,26.8467,80.9462,2024-06-27
CUST-0506,Arjun Reddy,customer506@email.com,Pune,Maharashtra,West,18.5204,73.8567,2024-06-27
CUST-0507,Amit Kumar,customer507@email.com,Mumbai,Maharashtra,West,19.076,72.8777,2024-06-27
CUST-0508,Deepika Gupta,customer508@email.com,Delhi,Delhi,North,28.7041,77.1025,2024-06-27
CUST-0509,Sneha Nair,customer509@email.com,Delhi,Delhi,North,28.7041,77.1025,2024-06-27
CUST-0510,Ananya Patel,customer510@email.com,Delhi,Delhi,North,28.7041,77.1025,2024-06-28
CUST-0511,Divya Rao,customer511@email.com,Delhi,Delhi,North,28.7041,77.1025,2024-06-28
CUST-0512,Suresh Singh,customer512@email.com,Mumbai,Maharashtra,West,19.076,72.8777,2024-06-28
CUST-0513,Rohan Verma,customer513@email.com,Hyderabad,Telangana,South,17.385,78.4867,2024-06-28
CUST-0514,Manish Chopra,customer514@email.com,Pune,Maharashtra,West,18.5204,73.8567,2024-06-28
CUST-0515,Ananya Kumar,customer515@email.com,Chennai,Tamil Nadu,South,13.0827,80.2707,2024-06-29
CUST-0516,Priya Kapoor,customer516@email.com,Kolkata,West Bengal,East,22.5726,88.3639,2024-06-29
CUST-0517,Suresh Nair,customer517@email.com,Mumbai,Maharashtra,West,19.076,72.8777,2024-06-29
CUST-0518,Karan Menon,customer518@email.com,Patna,Bihar,East,25.5941,85.1376,2024-06-29
CUST-0519,Meena Gupta,customer519@email.com,Jaipur,Rajasthan,North,26.9124,75.7873,2024-06-30
CUST-0520,Ananya Das,customer520@email.com,Jaipur,Rajasthan,North,26.9124,75.7873,2024-06-30
CUST-0521,Sneha Kumar,customer521@email.com,Jaipur,Rajasthan,North,26.9124,75.7873,2024-06-30
CUST-0522,Divya Sharma,customer522@email.com,Indore,Madhya Pradesh,Central,22.7196,75.8577,2024-06-30
CUST-0523,Divya Sharma,customer523@email.com,Chennai,Tamil Nadu,South,13.0827,80.2707,2024-07-01
CUST-0524,Meena Kapoor,customer524@email.com,Delhi,Delhi,North,28.7041,77.1025,2024-07-02
CUST-0525,Rahul Das,customer525@email.com,Kolkata,West Bengal,East,22.5726,88.3639,2024-07-02
CUST-0526,Pooja Malhotra,customer526@email.com,Ahmedabad,Gujarat,West,23.0225,72.5714,2024-07-02
CUST-0527,Ananya Gupta,customer527@email.com,Pune,Maharashtra,West,18.5204,73.8567,2024-07-03
CUST-0528,Suresh Kapoor,customer528@email.com,Hyderabad,Telangana,South,17.385,78.4867,2024-07-04
CUST-0529,Sneha Menon,customer529@email.com,Mumbai,Maharashtra,West,19.076,72.8777,2024-07-04
CUST-0530,Suresh Kumar,customer530@email.com,Bangalore,Karnataka,South,12.9716,77.5946,2024-07-04
CUST-0531,Rahul Verma,customer531@email.com,Indore,Madhya Pradesh,Central,22.7196,75.8577,2024-07-05
CUST-0532,Neha Nair,customer532@email.com,Chennai,Tamil Nadu,South,13.0827,80.2707,2024-07-05
CUST-0533,Kavita Gupta,customer533@email.com,Chennai,Tamil Nadu,South,13.0827,80.2707,2024-07-06
CUST-0534,Kavita Rao,customer534@email.com,Delhi,Delhi,North,28.7041,77.1025,2024-07-06
CUST-0535,Priya Menon,customer535@email.com,Bangalore,Karnataka,South,12.9716,77.5946,2024-07-06
CUST-0536,Deepika Patel,customer536@email.com,Bhopal,Madhya Pradesh,Central,23.2599,77.4126,2024-07-06
CUST-0537,Divya Sharma,customer537@email.com,Kolkata,West Bengal,East,22.5726,88.3639,2024-07-06
CUST-0538,Vikram Joshi,customer538@email.com,Ahmedabad,Gujarat,West,23.0225,72.5714,2024-07-07
CUST-0539,Manish Joshi,customer539@email.com,Hyderabad,Telangana,South,17.385,78.4867,2024-07-07
CUST-0540,Suresh Kapoor,customer540@email.com,Kolkata,West Bengal,East,22.5726,88.3639,2024-07-07
CUST-0541,Ananya Reddy,customer541@email.com,Delhi,Delhi,North,28.7041,77.1025,2024-07-07
CUST-0542,Amit Chopra,customer542@email.com,Pune,Maharashtra,West,18.5204,73.8567,2024-07-07
CUST-0543,Manish Gupta,customer543@email.com,Bangalore,Karnataka,South,12.9716,77.5946,2024-07-07
CUST-0544,Meena Patel,customer544@email.com,Hyderabad,Telangana,South,17.385,78.4867,2024-07-09
CUST-0545,Pooja Gupta,customer545@email.com,Kolkata,West Bengal,East,22.5726,88.3639,2024-07-09
CUST-0546,Suresh Joshi,customer546@email.com,Indore,Madhya Pradesh,Central,22.7196,75.8577,2024-07-10
CUST-0547,Priya Rao,customer547@email.com,Mumbai,Maharashtra,West,19.076,72.8777,2024-07-10
CUST-0548,Amit Kumar,customer548@email.com,Jaipur,Rajasthan,North,26.9124,75.7873,2024-07-10
CUST-0549,Rahul Nair,customer549@email.com,Delhi,Delhi,North,28.7041,77.1025,2024-07-11
CUST-0550,Deepika Mehta,customer550@email.com,Hyderabad,Telangana,South,17.385,78.4867,2024-07-11
CUST-0551,Arjun Gupta,customer551@email.com,Mumbai,Maharashtra,West,19.076,72.8777,2024-07-11
CUST-0552,Pooja Rao,customer552@email.com,Delhi,Delhi,North,28.7041,77.1025,2024-07-12
CUST-0553,Amit Gupta,customer553@email.com,Hyderabad,Telangana,South,17.385,78.4867,2024-07-12
CUST-0554,Vikram Gupta,customer554@email.com,Mumbai,Maharashtra,West,19.076,72.8777,2024-07-13
CUST-0555,Karan Mehta,customer555@email.com,Hyderabad,Telangana,South,17.385,78.4867,2024-07-14
CUST-0556,Pooja Das,customer556@email.com,Indore,Madhya Pradesh,Central,22.7196,75.8577,2024-07-14
CUST-0557,Sneha Joshi,customer557@email.com,Mumbai,Maharashtra,West,19.076,72.8777,2024-07-14
CUST-0558,Nikhil Das,customer558@email.com,Ahmedabad,Gujarat,West,23.0225,72.5714,2024-07-15
CUST-0559,Neha Nair,customer559@email.com,Bangalore,Karnataka,South,12.9716,77.5946,2024-07-15
CUST-0560,Deepika Reddy,customer560@email.com,Kolkata,West Bengal,East,22.5726,88.3639,2024-07-16
CUST-0561,Deepika Chopra,customer561@email.com,Delhi,Delhi,North,28.7041,77.1025,2024-07-16
CUST-0562,Karan Menon,customer562@email.com,Mumbai,Maharashtra,West,19.076,72.8777,2024-07-16
CUST-0563,Ananya Sharma,customer563@email.com,Mumbai,Maharashtra,West,19.076,72.8777,2024-07-16
CUST-0564,Rohan Sharma,customer564@email.com,Mumbai,Maharashtra,West,19.076,72.8777,2024-07-16
CUST-0565,Manish Sharma,customer565@email.com,Delhi,Delhi,North,28.7041,77.1025,2024-07-17
CUST-0566,Rohan Reddy,customer566@email.com,Kolkata,West Bengal,East,22.5726,88.3639,2024-07-17
CUST-0567,Priya Chopra,customer567@email.com,Bhopal,Madhya Pradesh,Central,23.2599,77.4126,2024-07-17
CUST-0568,Deepika Nair,customer568@email.com,Jaipur,Rajasthan,North,26.9124,75.7873,2024-07-17
CUST-0569,Karan Reddy,customer569@email.com,Pune,Maharashtra,West,18.5204,73.8567,2024-07-18
CUST-0570,Karan Verma,customer570@email.com,Mumbai,Maharashtra,West,19.076,72.8777,2024-07-18
CUST-0571,Ananya Kumar,customer571@email.com,Delhi,Delhi,North,28.7041,77.1025,2024-07-18
CUST-0572,Raj Kumar,customer572@email.com,Delhi,Delhi,North,28.7041,77.1025,2024-07-18
CUST-0573,Deepika Das,customer573@email.com,Delhi,Delhi,North,28.7041,77.1025,2024-07-18
CUST-0574,Divya Kapoor,customer574@email.com,Hyderabad,Telangana,South,17.385,78.4867,2024-07-19
CUST-0575,Rohan Menon,customer575@email.com,Chennai,Tamil Nadu,South,13.0827,80.2707,2024-07-21
CUST-0576,Rahul Singh,customer576@email.com,Bangalore,Karnataka,South,12.9716,77.5946,2024-07-22
CUST-0577,Raj Mehta,customer577@email.com,Bangalore,Karnataka,South,12.9716,77.5946,2024-07-22
CUST-0578,Sneha Menon,customer578@email.com,Jaipur,Rajasthan,North,26.9124,75.7873,2024-07-22
CUST-0579,Ananya Joshi,customer579@email.com,Ahmedabad,Gujarat,West,23.0225,72.5714,2024-07-22
CUST-0580,Rahul Menon,customer580@email.com,Delhi,Delhi,North,28.7041,77.1025,2024-07-22
CUST-0581,Vikram Mehta,customer581@email.com,Indore,Madhya Pradesh,Central,22.7196,75.8577,2024-07-23
CUST-0582,Rahul Chopra,customer582@email.com,Patna,Bihar,East,25.5941,85.1376,2024-07-23
CUST-0583,Sneha Verma,customer583@email.com,Bangalore,Karnataka,South,12.9716,77.5946,2024-07-24
CUST-0584,Priya Das,customer584@email.com,Bangalore,Karnataka,South,12.9716,77.5946,2024-07-24
CUST-0585,Vikram Mehta,customer585@email.com,Hyderabad,Telangana,South,17.385,78.4867,2024-07-25
CUST-0586,Kavita Sharma,customer586@email.com,Patna,Bihar,East,25.5941,85.1376,2024-07-25
CUST-0587,Ananya Menon,customer587@email.com,Lucknow,Uttar Pradesh,North,26.8467,80.9462,2024-07-25
CUST-0588,Rohan Singh,customer588@email.com,Mumbai,Maharashtra,West,19.076,72.8777,2024-07-25
CUST-0589,Nikhil Nair,customer589@email.com,Bangalore,Karnataka,South,12.9716,77.5946,2024-07-26
CUST-0590,Divya Nair,customer590@email.com,Chennai,Tamil Nadu,South,13.0827,80.2707,2024-07-27
CUST-0591,Rohan Menon,customer591@email.com,Hyderabad,Telangana,South,17.385,78.4867,2024-07-27
CUST-0592,Deepika Gupta,customer592@email.com,Delhi,Delhi,North,28.7041,77.1025,2024-07-27
CUST-0593,Rohan Singh,customer593@email.com,Lucknow,Uttar Pradesh,North,26.8467,80.9462,2024-07-27
CUST-0594,Meena Menon,customer594@email.com,Kolkata,West Bengal,East,22.5726,88.3639,2024-07-27
CUST-0595,Priya Mehta,customer595@email.com,Jaipur,Rajasthan,North,26.9124,75.7873,2024-07-28
CUST-0596,Karan Kumar,customer596@email.com,Lucknow,Uttar Pradesh,North,26.8467,80.9462,2024-07-28
CUST-0597,Sneha Singh,customer597@email.com,Ahmedabad,Gujarat,West,23.0225,72.5714,2024-07-28
CUST-0598,Suresh Mehta,customer598@email.com,Bangalore,Karnataka,South,12.9716,77.5946,2024-07-28
CUST-0599,Vikram Singh,customer599@email.com,Kolkata,West Bengal,East,22.5726,88.3639,2024-07-29
CUST-0600,Suresh Chopra,customer600@email.com,Mumbai,Maharashtra,West,19.076,72.8777,2024-07-29
CUST-0601,Kavita Nair,customer601@email.com,Kolkata,West Bengal,East,22.5726,88.3639,2024-07-29
CUST-0602,Ananya Verma,customer602@email.com,Mumbai,Maharashtra,West,19.076,72.8777,2024-07-29
CUST-0603,Deepika Reddy,customer603@email.com,Pune,Maharashtra,West,18.5204,73.8567,2024-07-29
CUST-0604,Rohan Das,customer604@email.com,Delhi,Delhi,North,28.7041,77.1025,2024-07-30
CUST-0605,Pooja Mehta,customer605@email.com,Mumbai,Maharashtra,West,19.076,72.8777,2024-07-30
CUST-0606,Meena Das,customer606@email.com,Mumbai,Maharashtra,West,19.076,72.8777,2024-07-30
CUST-0607,Nikhil Nair,customer607@email.com,Mumbai,Maharashtra,West,19.076,72.8777,2024-07-31
CUST-0608,Neha Joshi,customer608@email.com,Pune,Maharashtra,West,18.5204,73.8567,2024-08-01
CUST-0609,Rahul Kapoor,customer609@email.com,Pune,Maharashtra,West,18.5204,73.8567,2024-08-01
CUST-0610,Deepika Rao,customer610@email.com,Hyderabad,Telangana,South,17.385,78.4867,2024-08-01
CUST-0611,Suresh Rao,customer611@email.com,Mumbai,Maharashtra,West,19.076,72.8777,2024-08-01
CUST-0612,Meena Singh,customer612@email.com,Mumbai,Maharashtra,West,19.076,72.8777,2024-08-02
CUST-0613,Swati Singh,customer613@email.com,Mumbai,Maharashtra,West,19.076,72.8777,2024-08-02
CUST-0614,Vikram Nair,customer614@email.com,Mumbai,Maharashtra,West,19.076,72.8777,2024-08-02
CUST-0615,Vikram Nair,customer615@email.com,Bhopal,Madhya Pradesh,Central,23.2599,77.4126,2024-08-02
CUST-0616,Kavita Sharma,customer616@email.com,Delhi,Delhi,North,28.7041,77.1025,2024-08-02
CUST-0617,Arjun Verma,customer617@email.com,Bangalore,Karnataka,South,12.9716,77.5946,2024-08-02
CUST-0618,Karan Menon,customer618@email.com,Mumbai,Maharashtra,West,19.076,72.8777,2024-08-02
CUST-0619,Pooja Nair,customer619@email.com,Delhi,Delhi,North,28.7041,77.1025,2024-08-03
CUST-0620,Arjun Verma,customer620@email.com,Hyderabad,Telangana,South,17.385,78.4867,2024-08-03
CUST-0621,Suresh Reddy,customer621@email.com,Chennai,Tamil Nadu,South,13.0827,80.2707,2024-08-03
CUST-0622,Rahul Chopra,customer622@email.com,Delhi,Delhi,North,28.7041,77.1025,2024-08-03
CUST-0623,Vikram Gupta,customer623@email.com,Mumbai,Maharashtra,West,19.076,72.8777,2024-08-03
CUST-0624,Pooja Singh,customer624@email.com,Bangalore,Karnataka,South,12.9716,77.5946,2024-08-04
CUST-0625,Rahul Kapoor,customer625@email.com,Delhi,Delhi,North,28.7041,77.1025,2024-08-04
CUST-0626,Karan Nair,customer626@email.com,Delhi,Delhi,North,28.7041,77.1025,2024-08-05
CUST-0627,Rohan Gupta,customer627@email.com,Patna,Bihar,East,25.5941,85.1376,2024-08-05
CUST-0628,Rohan Joshi,customer628@email.com,Kolkata,West Bengal,East,22.5726,88.3639,2024-08-06
CUST-0629,Arjun Das,customer629@email.com,Chennai,Tamil Nadu,South,13.0827,80.2707,2024-08-06
CUST-0630,Divya Joshi,customer630@email.com,Bangalore,Karnataka,South,12.9716,77.5946,2024-08-06
CUST-0631,Arjun Kumar,customer631@email.com,Bangalore,Karnataka,South,12.9716,77.5946,2024-08-06
CUST-0632,Divya Joshi,customer632@email.com,Chennai,Tamil Nadu,South,13.0827,80.2707,2024-08-07
CUST-0633,Suresh Verma,customer633@email.com,Pune,Maharashtra,West,18.5204,73.8567,2024-08-08
CUST-0634,Priya Reddy,customer634@email.com,Pune,Maharashtra,West,18.5204,73.8567,2024-08-08
CUST-0635,Neha Mehta,customer635@email.com,Mumbai,Maharashtra,West,19.076,72.8777,2024-08-08
CUST-0636,Priya Mehta,customer636@email.com,Hyderabad,Telangana,South,17.385,78.4867,2024-08-08
CUST-0637,Manish Malhotra,customer637@email.com,Bangalore,Karnataka,South,12.9716,77.5946,2024-08-09
CUST-0638,Suresh Mehta,customer638@email.com,Lucknow,Uttar Pradesh,North,26.8467,80.9462,2024-08-09
CUST-0639,Meena Mehta,customer639@email.com,Kolkata,West Bengal,East,22.5726,88.3639,2024-08-11
CUST-0640,Karan Verma,customer640@email.com,Chennai,Tamil Nadu,South,13.0827,80.2707,2024-08-11
CUST-0641,Raj Singh,customer641@email.com,Mumbai,Maharashtra,West,19.076,72.8777,2024-08-12
CUST-0642,Ananya Gupta,customer642@email.com,Chennai,Tamil Nadu,South,13.0827,80.2707,2024-08-12
CUST-0643,Rahul Sharma,customer643@email.com,Mumbai,Maharashtra,West,19.076,72.8777,2024-08-13
CUST-0644,Suresh Verma,customer644@email.com,Bangalore,Karnataka,South,12.9716,77.5946,2024-08-13
CUST-0645,Neha Gupta,customer645@email.com,Mumbai,Maharashtra,West,19.076,72.8777,2024-08-13
CUST-0646,Manish Reddy,customer646@email.com,Pune,Maharashtra,West,18.5204,73.8567,2024-08-13
CUST-0647,Manish Singh,customer647@email.com,Delhi,Delhi,North,28.7041,77.1025,2024-08-13
CUST-0648,Arjun Sharma,customer648@email.com,Bangalore,Karnataka,South,12.9716,77.5946,2024-08-14
CUST-0649,Divya Verma,customer649@email.com,Bhopal,Madhya Pradesh,Central,23.2599,77.4126,2024-08-14
CUST-0650,Deepika Sharma,customer650@email.com,Delhi,Delhi,North,28.7041,77.1025,2024-08-15
CUST-0651,Raj Sharma,customer651@email.com,Hyderabad,Telangana,South,17.385,78.4867,2024-08-16
CUST-0652,Nikhil Chopra,customer652@email.com,Bangalore,Karnataka,South,12.9716,77.5946,2024-08-16
CUST-0653,Karan Mehta,customer653@email.com,Mumbai,Maharashtra,West,19.076,72.8777,2024-08-16
CUST-0654,Karan Chopra,customer654@email.com,Jaipur,Rajasthan,North,26.9124,75.7873,2024-08-16
CUST-0655,Manish Menon,customer655@email.com,Mumbai,Maharashtra,West,19.076,72.8777,2024-08-16
CUST-0656,Swati Nair,customer656@email.com,Hyderabad,Telangana,South,17.385,78.4867,2024-08-17
CUST-0657,Karan Patel,customer657@email.com,Chennai,Tamil Nadu,South,13.0827,80.2707,2024-08-17
CUST-0658,Rahul Chopra,customer658@email.com,Kolkata,West Bengal,East,22.5726,88.3639,2024-08-17
CUST-0659,Karan Kapoor,customer659@email.com,Pune,Maharashtra,West,18.5204,73.8567,2024-08-18
CUST-0660,Neha Patel,customer660@email.com,Delhi,Delhi,North,28.7041,77.1025,2024-08-18
CUST-0661,Manish Patel,customer661@email.com,Mumbai,Maharashtra,West,19.076,72.8777,2024-08-18
CUST-0662,Ananya Kumar,customer662@email.com,Pune,Maharashtra,West,18.5204,73.8567,2024-08-18
CUST-0663,Sneha Sharma,customer663@email.com,Chennai,Tamil Nadu,South,13.0827,80.2707,2024-08-19
CUST-0664,Deepika Menon,customer664@email.com,Jaipur,Rajasthan,North,26.9124,75.7873,2024-08-19
CUST-0665,Raj Kumar,customer665@email.com,Jaipur,Rajasthan,North,26.9124,75.7873,2024-08-19
CUST-0666,Kavita Das,customer666@email.com,Lucknow,Uttar Pradesh,North,26.8467,80.9462,2024-08-19
CUST-0667,Karan Chopra,customer667@email.com,Hyderabad,Telangana,South,17.385,78.4867,2024-08-20
CUST-0668,Priya Rao,customer668@email.com,Bangalore,Karnataka,South,12.9716,77.5946,2024-08-20
CUST-0669,Rahul Reddy,customer669@email.com,Jaipur,Rajasthan,North,26.9124,75.7873,2024-08-21
CUST-0670,Neha Reddy,customer670@email.com,Hyderabad,Telangana,South,17.385,78.4867,2024-08-22
CUST-0671,Deepika Sharma,customer671@email.com,Delhi,Delhi,North,28.7041,77.1025,2024-08-23
CUST-0672,Amit Nair,customer672@email.com,Lucknow,Uttar Pradesh,North,26.8467,80.9462,2024-08-23
CUST-0673,Deepika Verma,customer673@email.com,Bhopal,Madhya Pradesh,Central,23.2599,77.4126,2024-08-23
CUST-0674,Rohan Gupta,customer674@email.com,Hyderabad,Telangana,South,17.385,78.4867,2024-08-23
CUST-0675,Amit Kumar,customer675@email.com,Mumbai,Maharashtra,West,19.076,72.8777,2024-08-24
CUST-0676,Rahul Rao,customer676@email.com,Bangalore,Karnataka,South,12.9716,77.5946,2024-08-24
CUST-0677,Rohan Nair,customer677@email.com,Jaipur,Rajasthan,North,26.9124,75.7873,2024-08-24
CUST-0678,Priya Kumar,customer678@email.com,Bhopal,Madhya Pradesh,Central,23.2599,77.4126,2024-08-24
CUST-0679,Pooja Malhotra,customer679@email.com,Delhi,Delhi,North,28.7041,77.1025,2024-08-24
CUST-0680,Pooja Mehta,customer680@email.com,Mumbai,Maharashtra,West,19.076,72.8777,2024-08-24
CUST-0681,Swati Singh,customer681@email.com,Lucknow,Uttar Pradesh,North,26.8467,80.9462,2024-08-25
CUST-0682,Divya Gupta,customer682@email.com,Bangalore,Karnataka,South,12.9716,77.5946,2024-08-25
CUST-0683,Pooja Kapoor,customer683@email.com,Chennai,Tamil Nadu,South,13.0827,80.2707,2024-08-25
CUST-0684,Swati Patel,customer684@email.com,Nagpur,Maharashtra,West,21.1458,79.0882,2024-08-25
CUST-0685,Raj Das,customer685@email.com,Mumbai,Maharashtra,West,19.076,72.8777,2024-08-26
CUST-0686,Raj Sharma,customer686@email.com,Kolkata,West Bengal,East,22.5726,88.3639,2024-08-26
CUST-0687,Karan Malhotra,customer687@email.com,Mumbai,Maharashtra,West,19.076,72.8777,2024-08-28
CUST-0688,Karan Singh,customer688@email.com,Bangalore,Karnataka,South,12.9716,77.5946,2024-08-28
CUST-0689,Neha Patel,customer689@email.com,Jaipur,Rajasthan,North,26.9124,75.7873,2024-08-29
CUST-0690,Rahul Kapoor,customer690@email.com,Bangalore,Karnataka,South,12.9716,77.5946,2024-08-30
CUST-0691,Vikram Singh,customer691@email.com,Surat,Gujarat,West,21.1702,72.8311,2024-08-30
CUST-0692,Suresh Das,customer692@email.com,Chennai,Tamil Nadu,South,13.0827,80.2707,2024-09-02
CUST-0693,Priya Kumar,customer693@email.com,Bangalore,Karnataka,South,12.9716,77.5946,2024-09-02
CUST-0694,Meena Singh,customer694@email.com,Delhi,Delhi,North,28.7041,77.1025,2024-09-02
CUST-0695,Vikram Gupta,customer695@email.com,Bangalore,Karnataka,South,12.9716,77.5946,2024-09-02
CUST-0696,Ananya Malhotra,customer696@email.com,Bangalore,Karnataka,South,12.9716,77.5946,2024-09-03
CUST-0697,Arjun Patel,customer697@email.com,Mumbai,Maharashtra,West,19.076,72.8777,2024-09-03
CUST-0698,Meena Kumar,customer698@email.com,Bangalore,Karnataka,South,12.9716,77.5946,2024-09-03
CUST-0699,Divya Das,customer699@email.com,Hyderabad,Telangana,South,17.385,78.4867,2024-09-04
CUST-0700,Meena Nair,customer700@email.com,Pune,Maharashtra,West,18.5204,73.8567,2024-09-04
CUST-0701,Manish Das,customer701@email.com,Kolkata,West Bengal,East,22.5726,88.3639,2024-09-04
CUST-0702,Pooja Reddy,customer702@email.com,Pune,Maharashtra,West,18.5204,73.8567,2024-09-04
CUST-0703,Manish Patel,customer703@email.com,Mumbai,Maharashtra,West,19.076,72.8777,2024-09-05
CUST-0704,Karan Sharma,customer704@email.com,Delhi,Delhi,North,28.7041,77.1025,2024-09-05
CUST-0705,Pooja Joshi,customer705@email.com,Kolkata,West Bengal,East,22.5726,88.3639,2024-09-06
CUST-0706,Deepika Patel,customer706@email.com,Hyderabad,Telangana,South,17.385,78.4867,2024-09-07
CUST-0707,Nikhil Joshi,customer707@email.com,Mumbai,Maharashtra,West,19.076,72.8777,2024-09-07
CUST-0708,Raj Joshi,customer708@email.com,Jaipur,Rajasthan,North,26.9124,75.7873,2024-09-07
CUST-0709,Suresh Chopra,customer709@email.com,Ahmedabad,Gujarat,West,23.0225,72.5714,2024-09-07
CUST-0710,Sneha Das,customer710@email.com,Chennai,Tamil Nadu,South,13.0827,80.2707,2024-09-08
CUST-0711,Nikhil Patel,customer711@email.com,Mumbai,Maharashtra,West,19.076,72.8777,2024-09-08
CUST-0712,Vikram Mehta,customer712@email.com,Ahmedabad,Gujarat,West,23.0225,72.5714,2024-09-09
CUST-0713,Ananya Patel,customer713@email.com,Chennai,Tamil Nadu,South,13.0827,80.2707,2024-09-09
CUST-0714,Kavita Singh,customer714@email.com,Ahmedabad,Gujarat,West,23.0225,72.5714,2024-09-09
CUST-0715,Arjun Verma,customer715@email.com,Ahmedabad,Gujarat,West,23.0225,72.5714,2024-09-10
CUST-0716,Priya Sharma,customer716@email.com,Jaipur,Rajasthan,North,26.9124,75.7873,2024-09-10
CUST-0717,Vikram Joshi,customer717@email.com,Hyderabad,Telangana,South,17.385,78.4867,2024-09-11
CUST-0718,Ananya Das,customer718@email.com,Mumbai,Maharashtra,West,19.076,72.8777,2024-09-11
CUST-0719,Meena Reddy,customer719@email.com,Kolkata,West Bengal,East,22.5726,88.3639,2024-09-11
CUST-0720,Kavita Verma,customer720@email.com,Kolkata,West Bengal,East,22.5726,88.3639,2024-09-11
CUST-0721,Ananya Mehta,customer721@email.com,Ahmedabad,Gujarat,West,23.0225,72.5714,2024-09-11
CUST-0722,Deepika Patel,customer722@email.com,Mumbai,Maharashtra,West,19.076,72.8777,2024-09-11
CUST-0723,Meena Menon,customer723@email.com,Delhi,Delhi,North,28.7041,77.1025,2024-09-11
CUST-0724,Raj Das,customer724@email.com,Bhopal,Madhya Pradesh,Central,23.2599,77.4126,2024-09-11
CUST-0725,Nikhil Sharma,customer725@email.com,Ahmedabad,Gujarat,West,23.0225,72.5714,2024-09-12
CUST-0726,Pooja Malhotra,customer726@email.com,Bhopal,Madhya Pradesh,Central,23.2599,77.4126,2024-09-12
CUST-0727,Priya Rao,customer727@email.com,Ahmedabad,Gujarat,West,23.0225,72.5714,2024-09-13
CUST-0728,Suresh Sharma,customer728@email.com,Chennai,Tamil Nadu,South,13.0827,80.2707,2024-09-14
CUST-0729,Karan Gupta,customer729@email.com,Kolkata,West Bengal,East,22.5726,88.3639,2024-09-14
CUST-0730,Sneha Kumar,customer730@email.com,Bhopal,Madhya Pradesh,Central,23.2599,77.4126,2024-09-14
CUST-0731,Suresh Nair,customer731@email.com,Chennai,Tamil Nadu,South,13.0827,80.2707,2024-09-14
CUST-0732,Suresh Malhotra,customer732@email.com,Kolkata,West Bengal,East,22.5726,88.3639,2024-09-15
CUST-0733,Sneha Sharma,customer733@email.com,Mumbai,Maharashtra,West,19.076,72.8777,2024-09-15
CUST-0734,Raj Nair,customer734@email.com,Hyderabad,Telangana,South,17.385,78.4867,2024-09-15
CUST-0735,Amit Verma,customer735@email.com,Pune,Maharashtra,West,18.5204,73.8567,2024-09-15
CUST-0736,Priya Reddy,customer736@email.com,Delhi,Delhi,North,28.7041,77.1025,2024-09-15
CUST-0737,Rohan Nair,customer737@email.com,Delhi,Delhi,North,28.7041,77.1025,2024-09-16
CUST-0738,Vikram Nair,customer738@email.com,Delhi,Delhi,North,28.7041,77.1025,2024-09-16
CUST-0739,Rahul Das,customer739@email.com,Delhi,Delhi,North,28.7041,77.1025,2024-09-17
CUST-0740,Sneha Kapoor,customer740@email.com,Delhi,Delhi,North,28.7041,77.1025,2024-09-18
CUST-0741,Divya Kumar,customer741@email.com,Bangalore,Karnataka,South,12.9716,77.5946,2024-09-18
CUST-0742,Amit Singh,customer742@email.com,Bhopal,Madhya Pradesh,Central,23.2599,77.4126,2024-09-20
CUST-0743,Suresh Sharma,customer743@email.com,Hyderabad,Telangana,South,17.385,78.4867,2024-09-20
CUST-0744,Nikhil Mehta,customer744@email.com,Delhi,Delhi,North,28.7041,77.1025,2024-09-21
CUST-0745,Priya Joshi,customer745@email.com,Mumbai,Maharashtra,West,19.076,72.8777,2024-09-21
CUST-0746,Priya Gupta,customer746@email.com,Pune,Maharashtra,West,18.5204,73.8567,2024-09-21
CUST-0747,Arjun Joshi,customer747@email.com,Bangalore,Karnataka,South,12.9716,77.5946,2024-09-22
CUST-0748,Deepika Sharma,customer748@email.com,Jaipur,Rajasthan,North,26.9124,75.7873,2024-09-22
CUST-0749,Rahul Joshi,customer749@email.com,Kolkata,West Bengal,East,22.5726,88.3639,2024-09-22
CUST-0750,Suresh Nair,customer750@email.com,Jaipur,Rajasthan,North,26.9124,75.7873,2024-09-23
CUST-0751,Kavita Joshi,customer751@email.com,Delhi,Delhi,North,28.7041,77.1025,2024-09-23
CUST-0752,Raj Kumar,customer752@email.com,Pune,Maharashtra,West,18.5204,73.8567,2024-09-23
CUST-0753,Amit Patel,customer753@email.com,Delhi,Delhi,North,28.7041,77.1025,2024-09-24
CUST-0754,Vikram Rao,customer754@email.com,Indore,Madhya Pradesh,Central,22.7196,75.8577,2024-09-24
CUST-0755,Meena Kumar,customer755@email.com,Kolkata,West Bengal,East,22.5726,88.3639,2024-09-25
CUST-0756,Ananya Patel,customer756@email.com,Bangalore,Karnataka,South,12.9716,77.5946,2024-09-25
CUST-0757,Meena Kumar,customer757@email.com,Delhi,Delhi,North,28.7041,77.1025,2024-09-26
CUST-0758,Vikram Rao,customer758@email.com,Delhi,Delhi,North,28.7041,77.1025,2024-09-26
CUST-0759,Manish Menon,customer759@email.com,Pune,Maharashtra,West,18.5204,73.8567,2024-09-26
CUST-0760,Manish Das,customer760@email.com,Delhi,Delhi,North,28.7041,77.1025,2024-09-26
CUST-0761,Manish Kapoor,customer761@email.com,Chennai,Tamil Nadu,South,13.0827,80.2707,2024-09-27
CUST-0762,Meena Chopra,customer762@email.com,Delhi,Delhi,North,28.7041,77.1025,2024-09-27
CUST-0763,Swati Nair,customer763@email.com,Kolkata,West Bengal,East,22.5726,88.3639,2024-09-27
CUST-0764,Karan Nair,customer764@email.com,Jaipur,Rajasthan,North,26.9124,75.7873,2024-09-27
CUST-0765,Manish Reddy,customer765@email.com,Ahmedabad,Gujarat,West,23.0225,72.5714,2024-09-27
CUST-0766,Vikram Verma,customer766@email.com,Ahmedabad,Gujarat,West,23.0225,72.5714,2024-09-27
CUST-0767,Swati Verma,customer767@email.com,Delhi,Delhi,North,28.7041,77.1025,2024-09-27
CUST-0768,Deepika Joshi,customer768@email.com,Mumbai,Maharashtra,West,19.076,72.8777,2024-09-29
CUST-0769,Neha Joshi,customer769@email.com,Pune,Maharashtra,West,18.5204,73.8567,2024-09-29
CUST-0770,Meena Kapoor,customer770@email.com,Bangalore,Karnataka,South,12.9716,77.5946,2024-09-29
CUST-0771,Arjun Menon,customer771@email.com,Bangalore,Karnataka,South,12.9716,77.5946,2024-09-29
CUST-0772,Rohan Malhotra,customer772@email.com,Mumbai,Maharashtra,West,19.076,72.8777,2024-09-29
CUST-0773,Kavita Malhotra,customer773@email.com,Delhi,Delhi,North,28.7041,77.1025,2024-09-29
CUST-0774,Raj Sharma,customer774@email.com,Mumbai,Maharashtra,West,19.076,72.8777,2024-09-30
CUST-0775,Raj Chopra,customer775@email.com,Lucknow,Uttar Pradesh,North,26.8467,80.9462,2024-10-01
CUST-0776,Rohan Gupta,customer776@email.com,Delhi,Delhi,North,28.7041,77.1025,2024-10-01
CUST-0777,Raj Joshi,customer777@email.com,Chennai,Tamil Nadu,South,13.0827,80.2707,2024-10-01
CUST-0778,Karan Malhotra,customer778@email.com,Mumbai,Maharashtra,West,19.076,72.8777,2024-10-02
CUST-0779,Deepika Patel,customer779@email.com,Kolkata,West Bengal,East,22.5726,88.3639,2024-10-02
CUST-0780,Neha Kapoor,customer780@email.com,Bangalore,Karnataka,South,12.9716,77.5946,2024-10-02
CUST-0781,Divya Reddy,customer781@email.com,Bhopal,Madhya Pradesh,Central,23.2599,77.4126,2024-10-03
CUST-0782,Amit Patel,customer782@email.com,Bhopal,Madhya Pradesh,Central,23.2599,77.4126,2024-10-03
CUST-0783,Kavita Reddy,customer783@email.com,Bangalore,Karnataka,South,12.9716,77.5946,2024-10-04
CUST-0784,Manish Chopra,customer784@email.com,Bhopal,Madhya Pradesh,Central,23.2599,77.4126,2024-10-04
CUST-0785,Amit Rao,customer785@email.com,Surat,Gujarat,West,21.1702,72.8311,2024-10-04
CUST-0786,Nikhil Patel,customer786@email.com,Jaipur,Rajasthan,North,26.9124,75.7873,2024-10-04
CUST-0787,Amit Gupta,customer787@email.com,Lucknow,Uttar Pradesh,North,26.8467,80.9462,2024-10-04
CUST-0788,Suresh Nair,customer788@email.com,Delhi,Delhi,North,28.7041,77.1025,2024-10-05
CUST-0789,Meena Reddy,customer789@email.com,Chennai,Tamil Nadu,South,13.0827,80.2707,2024-10-05
CUST-0790,Rohan Nair,customer790@email.com,Mumbai,Maharashtra,West,19.076,72.8777,2024-10-05
CUST-0791,Manish Singh,customer791@email.com,Mumbai,Maharashtra,West,19.076,72.8777,2024-10-05
CUST-0792,Nikhil Patel,customer792@email.com,Surat,Gujarat,West,21.1702,72.8311,2024-10-07
CUST-0793,Rahul Malhotra,customer793@email.com,Bangalore,Karnataka,South,12.9716,77.5946,2024-10-07
CUST-0794,Nikhil Das,customer794@email.com,Ahmedabad,Gujarat,West,23.0225,72.5714,2024-10-07
CUST-0795,Meena Chopra,customer795@email.com,Jaipur,Rajasthan,North,26.9124,75.7873,2024-10-08
CUST-0796,Priya Reddy,customer796@email.com,Lucknow,Uttar Pradesh,North,26.8467,80.9462,2024-10-08
CUST-0797,Amit Das,customer797@email.com,Surat,Gujarat,West,21.1702,72.8311,2024-10-08
CUST-0798,Priya Chopra,customer798@email.com,Delhi,Delhi,North,28.7041,77.1025,2024-10-09
CUST-0799,Nikhil Menon,customer799@email.com,Mumbai,Maharashtra,West,19.076,72.8777,2024-10-09
CUST-0800,Neha Malhotra,customer800@email.com,Bangalore,Karnataka,South,12.9716,77.5946,2024-10-09
CUST-0801,Amit Mehta,customer801@email.com,Mumbai,Maharashtra,West,19.076,72.8777,2024-10-09
CUST-0802,Raj Chopra,customer802@email.com,Mumbai,Maharashtra,West,19.076,72.8777,2024-10-09
CUST-0803,Divya Menon,customer803@email.com,Bangalore,Karnataka,South,12.9716,77.5946,2024-10-09
CUST-0804,Manish Menon,customer804@email.com,Ahmedabad,Gujarat,West,23.0225,72.5714,2024-10-10
CUST-0805,Meena Joshi,customer805@email.com,Chennai,Tamil Nadu,South,13.0827,80.2707,2024-10-10
CUST-0806,Swati Nair,customer806@email.com,Delhi,Delhi,North,28.7041,77.1025,2024-10-10
CUST-0807,Meena Kapoor,customer807@email.com,Kolkata,West Bengal,East,22.5726,88.3639,2024-10-10
CUST-0808,Kavita Chopra,customer808@email.com,Delhi,Delhi,North,28.7041,77.1025,2024-10-11
CUST-0809,Raj Singh,customer809@email.com,Mumbai,Maharashtra,West,19.076,72.8777,2024-10-11
CUST-0810,Vikram Sharma,customer810@email.com,Ahmedabad,Gujarat,West,23.0225,72.5714,2024-10-11
CUST-0811,Manish Kumar,customer811@email.com,Kolkata,West Bengal,East,22.5726,88.3639,2024-10-12
CUST-0812,Nikhil Chopra,customer812@email.com,Ahmedabad,Gujarat,West,23.0225,72.5714,2024-10-12
CUST-0813,Neha Singh,customer813@email.com,Mumbai,Maharashtra,West,19.076,72.8777,2024-10-12
CUST-0814,Neha Chopra,customer814@email.com,Jaipur,Rajasthan,North,26.9124,75.7873,2024-10-13
CUST-0815,Vikram Joshi,customer815@email.com,Kolkata,West Bengal,East,22.5726,88.3639,2024-10-14
CUST-0816,Swati Sharma,customer816@email.com,Chennai,Tamil Nadu,South,13.0827,80.2707,2024-10-15
CUST-0817,Pooja Kapoor,customer817@email.com,Kolkata,West Bengal,East,22.5726,88.3639,2024-10-15
CUST-0818,Arjun Kapoor,customer818@email.com,Lucknow,Uttar Pradesh,North,26.8467,80.9462,2024-10-15
CUST-0819,Manish Joshi,customer819@email.com,Chennai,Tamil Nadu,South,13.0827,80.2707,2024-10-17
CUST-0820,Sneha Rao,customer820@email.com,Chennai,Tamil Nadu,South,13.0827,80.2707,2024-10-17
CUST-0821,Vikram Menon,customer821@email.com,Surat,Gujarat,West,21.1702,72.8311,2024-10-18
CUST-0822,Vikram Mehta,customer822@email.com,Ahmedabad,Gujarat,West,23.0225,72.5714,2024-10-18
CUST-0823,Ananya Reddy,customer823@email.com,Hyderabad,Telangana,South,17.385,78.4867,2024-10-19
CUST-0824,Pooja Nair,customer824@email.com,Pune,Maharashtra,West,18.5204,73.8567,2024-10-19
CUST-0825,Suresh Chopra,customer825@email.com,Bangalore,Karnataka,South,12.9716,77.5946,2024-10-20
CUST-0826,Nikhil Patel,customer826@email.com,Delhi,Delhi,North,28.7041,77.1025,2024-10-20
CUST-0827,Raj Singh,customer827@email.com,Chennai,Tamil Nadu,South,13.0827,80.2707,2024-10-20
CUST-0828,Sneha Mehta,customer828@email.com,Indore,Madhya Pradesh,Central,22.7196,75.8577,2024-10-20
CUST-0829,Deepika Singh,customer829@email.com,Indore,Madhya Pradesh,Central,22.7196,75.8577,2024-10-21
CUST-0830,Karan Menon,customer830@email.com,Bangalore,Karnataka,South,12.9716,77.5946,2024-10-22
CUST-0831,Pooja Das,customer831@email.com,Hyderabad,Telangana,South,17.385,78.4867,2024-10-22
CUST-0832,Suresh Patel,customer832@email.com,Delhi,Delhi,North,28.7041,77.1025,2024-10-22
CUST-0833,Arjun Sharma,customer833@email.com,Surat,Gujarat,West,21.1702,72.8311,2024-10-23
CUST-0834,Amit Nair,customer834@email.com,Surat,Gujarat,West,21.1702,72.8311,2024-10-23
CUST-0835,Ananya Gupta,customer835@email.com,Kolkata,West Bengal,East,22.5726,88.3639,2024-10-23
CUST-0836,Vikram Verma,customer836@email.com,Jaipur,Rajasthan,North,26.9124,75.7873,2024-10-23
CUST-0837,Rohan Reddy,customer837@email.com,Pune,Maharashtra,West,18.5204,73.8567,2024-10-24
CUST-0838,Manish Joshi,customer838@email.com,Chennai,Tamil Nadu,South,13.0827,80.2707,2024-10-24
CUST-0839,Amit Singh,customer839@email.com,Mumbai,Maharashtra,West,19.076,72.8777,2024-10-24
CUST-0840,Manish Menon,customer840@email.com,Hyderabad,Telangana,South,17.385,78.4867,2024-10-25
CUST-0841,Kavita Kumar,customer841@email.com,Kolkata,West Bengal,East,22.5726,88.3639,2024-10-25
CUST-0842,Neha Patel,customer842@email.com,Kolkata,West Bengal,East,22.5726,88.3639,2024-10-26
CUST-0843,Manish Nair,customer843@email.com,Bangalore,Karnataka,South,12.9716,77.5946,2024-10-26
CUST-0844,Amit Malhotra,customer844@email.com,Patna,Bihar,East,25.5941,85.1376,2024-10-26
CUST-0845,Amit Verma,customer845@email.com,Mumbai,Maharashtra,West,19.076,72.8777,2024-10-26
CUST-0846,Nikhil Nair,customer846@email.com,Hyderabad,Telangana,South,17.385,78.4867,2024-10-27
CUST-0847,Rohan Joshi,customer847@email.com,Pune,Maharashtra,West,18.5204,73.8567,2024-10-27
CUST-0848,Arjun Singh,customer848@email.com,Pune,Maharashtra,West,18.5204,73.8567,2024-10-28
CUST-0849,Pooja Gupta,customer849@email.com,Kolkata,West Bengal,East,22.5726,88.3639,2024-10-28
CUST-0850,Priya Mehta,customer850@email.com,Delhi,Delhi,North,28.7041,77.1025,2024-10-28
CUST-0851,Arjun Nair,customer851@email.com,Mumbai,Maharashtra,West,19.076,72.8777,2024-10-30
CUST-0852,Amit Mehta,customer852@email.com,Kolkata,West Bengal,East,22.5726,88.3639,2024-10-30
CUST-0853,Arjun Kumar,customer853@email.com,Chennai,Tamil Nadu,South,13.0827,80.2707,2024-11-01
CUST-0854,Priya Rao,customer854@email.com,Mumbai,Maharashtra,West,19.076,72.8777,2024-11-01
CUST-0855,Kavita Joshi,customer855@email.com,Pune,Maharashtra,West,18.5204,73.8567,2024-11-01
CUST-0856,Rohan Nair,customer856@email.com,Hyderabad,Telangana,South,17.385,78.4867,2024-11-02
CUST-0857,Vikram Mehta,customer857@email.com,Kolkata,West Bengal,East,22.5726,88.3639,2024-11-02
CUST-0858,Priya Nair,customer858@email.com,Jaipur,Rajasthan,North,26.9124,75.7873,2024-11-02
CUST-0859,Rohan Verma,customer859@email.com,Mumbai,Maharashtra,West,19.076,72.8777,2024-11-02
CUST-0860,Deepika Mehta,customer860@email.com,Mumbai,Maharashtra,West,19.076,72.8777,2024-11-02
CUST-0861,Vikram Malhotra,customer861@email.com,Ahmedabad,Gujarat,West,23.0225,72.5714,2024-11-03
CUST-0862,Neha Verma,customer862@email.com,Chennai,Tamil Nadu,South,13.0827,80.2707,2024-11-04
CUST-0863,Vikram Rao,customer863@email.com,Pune,Maharashtra,West,18.5204,73.8567,2024-11-04
CUST-0864,Swati Menon,customer864@email.com,Jaipur,Rajasthan,North,26.9124,75.7873,2024-11-04
CUST-0865,Vikram Menon,customer865@email.com,Jaipur,Rajasthan,North,26.9124,75.7873,2024-11-05
CUST-0866,Manish Patel,customer866@email.com,Nagpur,Maharashtra,West,21.1458,79.0882,2024-11-05
CUST-0867,Deepika Menon,customer867@email.com,Chennai,Tamil Nadu,South,13.0827,80.2707,2024-11-05
CUST-0868,Karan Das,customer868@email.com,Hyderabad,Telangana,South,17.385,78.4867,2024-11-05
CUST-0869,Amit Nair,customer869@email.com,Bangalore,Karnataka,South,12.9716,77.5946,2024-11-06
CUST-0870,Deepika Patel,customer870@email.com,Mumbai,Maharashtra,West,19.076,72.8777,2024-11-06
CUST-0871,Deepika Mehta,customer871@email.com,Chennai,Tamil Nadu,South,13.0827,80.2707,2024-11-06
CUST-0872,Nikhil Menon,customer872@email.com,Delhi,Delhi,North,28.7041,77.1025,2024-11-06
CUST-0873,Rahul Verma,customer873@email.com,Indore,Madhya Pradesh,Central,22.7196,75.8577,2024-11-07
CUST-0874,Karan Malhotra,customer874@email.com,Chennai,Tamil Nadu,South,13.0827,80.2707,2024-11-07
CUST-0875,Deepika Rao,customer875@email.com,Chennai,Tamil Nadu,South,13.0827,80.2707,2024-11-08
CUST-0876,Rahul Mehta,customer876@email.com,Bangalore,Karnataka,South,12.9716,77.5946,2024-11-08
CUST-0877,Swati Joshi,customer877@email.com,Mumbai,Maharashtra,West,19.076,72.8777,2024-11-09
CUST-0878,Nikhil Mehta,customer878@email.com,Mumbai,Maharashtra,West,19.076,72.8777,2024-11-09
CUST-0879,Nikhil Joshi,customer879@email.com,Bangalore,Karnataka,South,12.9716,77.5946,2024-11-09
CUST-0880,Kavita Singh,customer880@email.com,Mumbai,Maharashtra,West,19.076,72.8777,2024-11-09
CUST-0881,Ananya Rao,customer881@email.com,Chennai,Tamil Nadu,South,13.0827,80.2707,2024-11-10
CUST-0882,Raj Gupta,customer882@email.com,Bhopal,Madhya Pradesh,Central,23.2599,77.4126,2024-11-10
CUST-0883,Suresh Menon,customer883@email.com,Bhopal,Madhya Pradesh,Central,23.2599,77.4126,2024-11-12
CUST-0884,Karan Kapoor,customer884@email.com,Kolkata,West Bengal,East,22.5726,88.3639,2024-11-13
CUST-0885,Kavita Das,customer885@email.com,Delhi,Delhi,North,28.7041,77.1025,2024-11-13
CUST-0886,Suresh Gupta,customer886@email.com,Lucknow,Uttar Pradesh,North,26.8467,80.9462,2024-11-13
CUST-0887,Raj Kapoor,customer887@email.com,Bhopal,Madhya Pradesh,Central,23.2599,77.4126,2024-11-15
CUST-0888,Neha Singh,customer888@email.com,Delhi,Delhi,North,28.7041,77.1025,2024-11-16
CUST-0889,Priya Chopra,customer889@email.com,Pune,Maharashtra,West,18.5204,73.8567,2024-11-16
CUST-0890,Nikhil Menon,customer890@email.com,Delhi,Delhi,North,28.7041,77.1025,2024-11-17
CUST-0891,Meena Reddy,customer891@email.com,Jaipur,Rajasthan,North,26.9124,75.7873,2024-11-17
CUST-0892,Priya Malhotra,customer892@email.com,Surat,Gujarat,West,21.1702,72.8311,2024-11-18
CUST-0893,Nikhil Chopra,customer893@email.com,Mumbai,Maharashtra,West,19.076,72.8777,2024-11-18
CUST-0894,Manish Joshi,customer894@email.com,Bhopal,Madhya Pradesh,Central,23.2599,77.4126,2024-11-18
CUST-0895,Manish Nair,customer895@email.com,Kolkata,West Bengal,East,22.5726,88.3639,2024-11-19
CUST-0896,Priya Rao,customer896@email.com,Nagpur,Maharashtra,West,21.1458,79.0882,2024-11-19
CUST-0897,Nikhil Kumar,customer897@email.com,Hyderabad,Telangana,South,17.385,78.4867,2024-11-20
CUST-0898,Swati Verma,customer898@email.com,Lucknow,Uttar Pradesh,North,26.8467,80.9462,2024-11-20
CUST-0899,Karan Chopra,customer899@email.com,Mumbai,Maharashtra,West,19.076,72.8777,2024-11-20
CUST-0900,Raj Das,customer900@email.com,Bangalore,Karnataka,South,12.9716,77.5946,2024-11-20
CUST-0901,Arjun Malhotra,customer901@email.com,Mumbai,Maharashtra,West,19.076,72.8777,2024-11-21
CUST-0902,Priya Kapoor,customer902@email.com,Nagpur,Maharashtra,West,21.1458,79.0882,2024-11-21
CUST-0903,Rohan Chopra,customer903@email.com,Jaipur,Rajasthan,North,26.9124,75.7873,2024-11-21
CUST-0904,Vikram Menon,customer904@email.com,Lucknow,Uttar Pradesh,North,26.8467,80.9462,2024-11-22
CUST-0905,Sneha Singh,customer905@email.com,Indore,Madhya Pradesh,Central,22.7196,75.8577,2024-11-22
CUST-0906,Sneha Patel,customer906@email.com,Mumbai,Maharashtra,West,19.076,72.8777,2024-11-22
CUST-0907,Sneha Mehta,customer907@email.com,Bangalore,Karnataka,South,12.9716,77.5946,2024-11-22
CUST-0908,Manish Rao,customer908@email.com,Mumbai,Maharashtra,West,19.076,72.8777,2024-11-22
CUST-0909,Manish Das,customer909@email.com,Delhi,Delhi,North,28.7041,77.1025,2024-11-23
CUST-0910,Rahul Verma,customer910@email.com,Delhi,Delhi,North,28.7041,77.1025,2024-11-23
CUST-0911,Neha Patel,customer911@email.com,Hyderabad,Telangana,South,17.385,78.4867,2024-11-24
CUST-0912,Pooja Malhotra,customer912@email.com,Delhi,Delhi,North,28.7041,77.1025,2024-11-24
CUST-0913,Rohan Menon,customer913@email.com,Mumbai,Maharashtra,West,19.076,72.8777,2024-11-24
CUST-0914,Meena Singh,customer914@email.com,Mumbai,Maharashtra,West,19.076,72.8777,2024-11-24
CUST-0915,Amit Singh,customer915@email.com,Mumbai,Maharashtra,West,19.076,72.8777,2024-11-25
CUST-0916,Meena Reddy,customer916@email.com,Nagpur,Maharashtra,West,21.1458,79.0882,2024-11-25
CUST-0917,Suresh Sharma,customer917@email.com,Ahmedabad,Gujarat,West,23.0225,72.5714,2024-11-25
CUST-0918,Ananya Kapoor,customer918@email.com,Nagpur,Maharashtra,West,21.1458,79.0882,2024-11-26
CUST-0919,Rohan Malhotra,customer919@email.com,Bangalore,Karnataka,South,12.9716,77.5946,2024-11-26
CUST-0920,Karan Mehta,customer920@email.com,Delhi,Delhi,North,28.7041,77.1025,2024-11-27
CUST-0921,Priya Chopra,customer921@email.com,Jaipur,Rajasthan,North,26.9124,75.7873,2024-11-28
CUST-0922,Priya Menon,customer922@email.com,Bangalore,Karnataka,South,12.9716,77.5946,2024-11-28
CUST-0923,Sneha Sharma,customer923@email.com,Delhi,Delhi,North,28.7041,77.1025,2024-11-28
CUST-0924,Amit Menon,customer924@email.com,Delhi,Delhi,North,28.7041,77.1025,2024-11-29
CUST-0925,Arjun Reddy,customer925@email.com,Mumbai,Maharashtra,West,19.076,72.8777,2024-11-29
CUST-0926,Rohan Reddy,customer926@email.com,Delhi,Delhi,North,28.7041,77.1025,2024-11-29
CUST-0927,Suresh Singh,customer927@email.com,Bangalore,Karnataka,South,12.9716,77.5946,2024-11-29
CUST-0928,Priya Kapoor,customer928@email.com,Kolkata,West Bengal,East,22.5726,88.3639,2024-11-29
CUST-0929,Pooja Singh,customer929@email.com,Mumbai,Maharashtra,West,19.076,72.8777,2024-11-30
CUST-0930,Suresh Mehta,customer930@email.com,Delhi,Delhi,North,28.7041,77.1025,2024-11-30
CUST-0931,Amit Sharma,customer931@email.com,Jaipur,Rajasthan,North,26.9124,75.7873,2024-11-30
CUST-0932,Meena Nair,customer932@email.com,Mumbai,Maharashtra,West,19.076,72.8777,2024-11-30
CUST-0933,Rohan Malhotra,customer933@email.com,Bangalore,Karnataka,South,12.9716,77.5946,2024-12-01
CUST-0934,Vikram Mehta,customer934@email.com,Lucknow,Uttar Pradesh,North,26.8467,80.9462,2024-12-01
CUST-0935,Divya Verma,customer935@email.com,Mumbai,Maharashtra,West,19.076,72.8777,2024-12-01
CUST-0936,Karan Joshi,customer936@email.com,Mumbai,Maharashtra,West,19.076,72.8777,2024-12-01
CUST-0937,Vikram Kumar,customer937@email.com,Hyderabad,Telangana,South,17.385,78.4867,2024-12-01
CUST-0938,Rahul Das,customer938@email.com,Delhi,Delhi,North,28.7041,77.1025,2024-12-02
CUST-0939,Ananya Kapoor,customer939@email.com,Chennai,Tamil Nadu,South,13.0827,80.2707,2024-12-02
CUST-0940,Priya Menon,customer940@email.com,Jaipur,Rajasthan,North,26.9124,75.7873,2024-12-02
CUST-0941,Amit Malhotra,customer941@email.com,Mumbai,Maharashtra,West,19.076,72.8777,2024-12-03
CUST-0942,Manish Joshi,customer942@email.com,Chennai,Tamil Nadu,South,13.0827,80.2707,2024-12-03
CUST-0943,Meena Patel,customer943@email.com,Hyderabad,Telangana,South,17.385,78.4867,2024-12-03
CUST-0944,Rohan Rao,customer944@email.com,Mumbai,Maharashtra,West,19.076,72.8777,2024-12-04
CUST-0945,Swati Mehta,customer945@email.com,Kolkata,West Bengal,East,22.5726,88.3639,2024-12-04
CUST-0946,Deepika Rao,customer946@email.com,Delhi,Delhi,North,28.7041,77.1025,2024-12-05
CUST-0947,Pooja Joshi,customer947@email.com,Hyderabad,Telangana,South,17.385,78.4867,2024-12-05
CUST-0948,Manish Menon,customer948@email.com,Mumbai,Maharashtra,West,19.076,72.8777,2024-12-06
CUST-0949,Deepika Kapoor,customer949@email.com,Hyderabad,Telangana,South,17.385,78.4867,2024-12-07
CUST-0950,Pooja Patel,customer950@email.com,Delhi,Delhi,North,28.7041,77.1025,2024-12-07
CUST-0951,Divya Reddy,customer951@email.com,Jaipur,Rajasthan,North,26.9124,75.7873,2024-12-08
CUST-0952,Amit Menon,customer952@email.com,Mumbai,Maharashtra,West,19.076,72.8777,2024-12-08
CUST-0953,Meena Gupta,customer953@email.com,Bangalore,Karnataka,South,12.9716,77.5946,2024-12-09
CUST-0954,Amit Singh,customer954@email.com,Hyderabad,Telangana,South,17.385,78.4867,2024-12-09
CUST-0955,Pooja Kapoor,customer955@email.com,Pune,Maharashtra,West,18.5204,73.8567,2024-12-11
CUST-0956,Pooja Reddy,customer956@email.com,Chennai,Tamil Nadu,South,13.0827,80.2707,2024-12-12
CUST-0957,Manish Chopra,customer957@email.com,Kolkata,West Bengal,East,22.5726,88.3639,2024-12-12
CUST-0958,Meena Singh,customer958@email.com,Ahmedabad,Gujarat,West,23.0225,72.5714,2024-12-13
CUST-0959,Sneha Joshi,customer959@email.com,Lucknow,Uttar Pradesh,North,26.8467,80.9462,2024-12-14
CUST-0960,Ananya Malhotra,customer960@email.com,Delhi,Delhi,North,28.7041,77.1025,2024-12-14
CUST-0961,Priya Nair,customer961@email.com,Chennai,Tamil Nadu,South,13.0827,80.2707,2024-12-15
CUST-0962,Deepika Mehta,customer962@email.com,Lucknow,Uttar Pradesh,North,26.8467,80.9462,2024-12-16
CUST-0963,Nikhil Sharma,customer963@email.com,Surat,Gujarat,West,21.1702,72.8311,2024-12-16
CUST-0964,Deepika Gupta,customer964@email.com,Bhopal,Madhya Pradesh,Central,23.2599,77.4126,2024-12-16
CUST-0965,Neha Chopra,customer965@email.com,Bangalore,Karnataka,South,12.9716,77.5946,2024-12-17
CUST-0966,Neha Chopra,customer966@email.com,Delhi,Delhi,North,28.7041,77.1025,2024-12-17
CUST-0967,Rohan Kapoor,customer967@email.com,Hyderabad,Telangana,South,17.385,78.4867,2024-12-17
CUST-0968,Ananya Malhotra,customer968@email.com,Ahmedabad,Gujarat,West,23.0225,72.5714,2024-12-17
CUST-0969,Suresh Menon,customer969@email.com,Hyderabad,Telangana,South,17.385,78.4867,2024-12-18
CUST-0970,Rahul Rao,customer970@email.com,Hyderabad,Telangana,South,17.385,78.4867,2024-12-18
CUST-0971,Ananya Joshi,customer971@email.com,Jaipur,Rajasthan,North,26.9124,75.7873,2024-12-19
CUST-0972,Deepika Mehta,customer972@email.com,Bangalore,Karnataka,South,12.9716,77.5946,2024-12-20
CUST-0973,Karan Nair,customer973@email.com,Lucknow,Uttar Pradesh,North,26.8467,80.9462,2024-12-20
CUST-0974,Arjun Sharma,customer974@email.com,Bangalore,Karnataka,South,12.9716,77.5946,2024-12-20
CUST-0975,Meena Joshi,customer975@email.com,Bangalore,Karnataka,South,12.9716,77.5946,2024-12-21
CUST-0976,Pooja Malhotra,customer976@email.com,Hyderabad,Telangana,South,17.385,78.4867,2024-12-21
CUST-0977,Rohan Malhotra,customer977@email.com,Ahmedabad,Gujarat,West,23.0225,72.5714,2024-12-21
CUST-0978,Divya Sharma,customer978@email.com,Mumbai,Maharashtra,West,19.076,72.8777,2024-12-21
CUST-0979,Kavita Nair,customer979@email.com,Delhi,Delhi,North,28.7041,77.1025,2024-12-22
CUST-0980,Neha Rao,customer980@email.com,Patna,Bihar,East,25.5941,85.1376,2024-12-22
CUST-0981,Rahul Patel,customer981@email.com,Mumbai,Maharashtra,West,19.076,72.8777,2024-12-22
CUST-0982,Rahul Sharma,customer982@email.com,Chennai,Tamil Nadu,South,13.0827,80.2707,2024-12-22
CUST-0983,Arjun Menon,customer983@email.com,Chennai,Tamil Nadu,South,13.0827,80.2707,2024-12-22
CUST-0984,Rahul Menon,customer984@email.com,Hyderabad,Telangana,South,17.385,78.4867,2024-12-23
CUST-0985,Divya Das,customer985@email.com,Kolkata,West Bengal,East,22.5726,88.3639,2024-12-23
CUST-0986,Raj Patel,customer986@email.com,Delhi,Delhi,North,28.7041,77.1025,2024-12-23
CUST-0987,Ananya Reddy,customer987@email.com,Chennai,Tamil Nadu,South,13.0827,80.2707,2024-12-23
CUST-0988,Pooja Das,customer988@email.com,Bangalore,Karnataka,South,12.9716,77.5946,2024-12-26
CUST-0989,Neha Kapoor,customer989@email.com,Kolkata,West Bengal,East,22.5726,88.3639,2024-12-27
CUST-0990,Priya Das,customer990@email.com,Mumbai,Maharashtra,West,19.076,72.8777,2024-12-27
CUST-0991,Meena Sharma,customer991@email.com,Chennai,Tamil Nadu,South,13.0827,80.2707,2024-12-27
CUST-0992,Deepika Mehta,customer992@email.com,Delhi,Delhi,North,28.7041,77.1025,2024-12-28
CUST-0993,Amit Mehta,customer993@email.com,Delhi,Delhi,North,28.7041,77.1025,2024-12-29
CUST-0994,Ananya Joshi,customer994@email.com,Delhi,Delhi,North,28.7041,77.1025,2024-12-30
CUST-0995,Ananya Joshi,customer995@email.com,Delhi,Delhi,North,28.7041,77.1025,2024-12-30
CUST-0996,Raj Kapoor,customer996@email.com,Jaipur,Rajasthan,North,26.9124,75.7873,2024-12-30
CUST-0997,Arjun Patel,customer997@email.com,Delhi,Delhi,North,28.7041,77.1025,2024-12-30
CUST-0998,Meena Nair,customer998@email.com,Indore,Madhya Pradesh,Central,22.7196,75.8577,2024-12-31
CUST-0999,Deepika Patel,customer999@email.com,Nagpur,Maharashtra,West,21.1458,79.0882,2024-12-31
CUST-1000,Divya Chopra,customer1000@email.com,Chennai,Tamil Nadu,South,13.0827,80.2707,2025-01-01
CUST-1001,Rohan Mehta,customer1001@email.com,Mumbai,Maharashtra,West,19.076,72.8777,2025-01-01
CUST-1002,Raj Mehta,customer1002@email.com,Bangalore,Karnataka,South,12.9716,77.5946,2025-01-01
CUST-1003,Divya Malhotra,customer1003@email.com,Jaipur,Rajasthan,North,26.9124,75.7873,2025-01-01
CUST-1004,Sneha Verma,customer1004@email.com,Bangalore,Karnataka,South,12.9716,77.5946,2025-01-02
CUST-1005,Amit Kapoor,customer1005@email.com,Mumbai,Maharashtra,West,19.076,72.8777,2025-01-02
CUST-1006,Arjun Rao,customer1006@email.com,Chennai,Tamil Nadu,South,13.0827,80.2707,2025-01-02
CUST-1007,Kavita Chopra,customer1007@email.com,Lucknow,Uttar Pradesh,North,26.8467,80.9462,2025-01-02
CUST-1008,Suresh Patel,customer1008@email.com,Jaipur,Rajasthan,North,26.9124,75.7873,2025-01-02
CUST-1009,Meena Reddy,customer1009@email.com,Mumbai,Maharashtra,West,19.076,72.8777,2025-01-02
CUST-1010,Meena Menon,customer1010@email.com,Kolkata,West Bengal,East,22.5726,88.3639,2025-01-03
CUST-1011,Nikhil Kumar,customer1011@email.com,Delhi,Delhi,North,28.7041,77.1025,2025-01-03
CUST-1012,Karan Reddy,customer1012@email.com,Delhi,Delhi,North,28.7041,77.1025,2025-01-03
CUST-1013,Pooja Singh,customer1013@email.com,Lucknow,Uttar Pradesh,North,26.8467,80.9462,2025-01-03
CUST-1014,Nikhil Nair,customer1014@email.com,Delhi,Delhi,North,28.7041,77.1025,2025-01-05
CUST-1015,Karan Rao,customer1015@email.com,Delhi,Delhi,North,28.7041,77.1025,2025-01-05
CUST-1016,Neha Verma,customer1016@email.com,Mumbai,Maharashtra,West,19.076,72.8777,2025-01-06
CUST-1017,Neha Kumar,customer1017@email.com,Lucknow,Uttar Pradesh,North,26.8467,80.9462,2025-01-06
CUST-1018,Vikram Malhotra,customer1018@email.com,Jaipur,Rajasthan,North,26.9124,75.7873,2025-01-06
CUST-1019,Arjun Mehta,customer1019@email.com,Kolkata,West Bengal,East,22.5726,88.3639,2025-01-06
CUST-1020,Amit Rao,customer1020@email.com,Ahmedabad,Gujarat,West,23.0225,72.5714,2025-01-06
CUST-1021,Kavita Kumar,customer1021@email.com,Mumbai,Maharashtra,West,19.076,72.8777,2025-01-07
CUST-1022,Amit Menon,customer1022@email.com,Hyderabad,Telangana,South,17.385,78.4867,2025-01-07
CUST-1023,Rohan Sharma,customer1023@email.com,Bangalore,Karnataka,South,12.9716,77.5946,2025-01-07
CUST-1024,Raj Rao,customer1024@email.com,Mumbai,Maharashtra,West,19.076,72.8777,2025-01-07
CUST-1025,Manish Chopra,customer1025@email.com,Hyderabad,Telangana,South,17.385,78.4867,2025-01-07
CUST-1026,Divya Gupta,customer1026@email.com,Indore,Madhya Pradesh,Central,22.7196,75.8577,2025-01-08
CUST-1027,Sneha Rao,customer1027@email.com,Mumbai,Maharashtra,West,19.076,72.8777,2025-01-08
CUST-1028,Meena Chopra,customer1028@email.com,Delhi,Delhi,North,28.7041,77.1025,2025-01-09
CUST-1029,Divya Rao,customer1029@email.com,Delhi,Delhi,North,28.7041,77.1025,2025-01-09
CUST-1030,Neha Sharma,customer1030@email.com,Delhi,Delhi,North,28.7041,77.1025,2025-01-10
CUST-1031,Karan Malhotra,customer1031@email.com,Bhopal,Madhya Pradesh,Central,23.2599,77.4126,2025-01-10
CUST-1032,Arjun Singh,customer1032@email.com,Hyderabad,Telangana,South,17.385,78.4867,2025-01-11
CUST-1033,Priya Malhotra,customer1033@email.com,Hyderabad,Telangana,South,17.385,78.4867,2025-01-12
CUST-1034,Sneha Patel,customer1034@email.com,Ahmedabad,Gujarat,West,23.0225,72.5714,2025-01-12
CUST-1035,Rohan Patel,customer1035@email.com,Mumbai,Maharashtra,West,19.076,72.8777,2025-01-12
CUST-1036,Sneha Verma,customer1036@email.com,Hyderabad,Telangana,South,17.385,78.4867,2025-01-13
CUST-1037,Raj Das,customer1037@email.com,Bangalore,Karnataka,South,12.9716,77.5946,2025-01-13
CUST-1038,Karan Kumar,customer1038@email.com,Chennai,Tamil Nadu,South,13.0827,80.2707,2025-01-13
CUST-1039,Meena Kumar,customer1039@email.com,Surat,Gujarat,West,21.1702,72.8311,2025-01-13
CUST-1040,Nikhil Patel,customer1040@email.com,Ahmedabad,Gujarat,West,23.0225,72.5714,2025-01-14
CUST-1041,Deepika Gupta,customer1041@email.com,Bangalore,Karnataka,South,12.9716,77.5946,2025-01-14
CUST-1042,Rohan Sharma,customer1042@email.com,Jaipur,Rajasthan,North,26.9124,75.7873,2025-01-14
CUST-1043,Amit Das,customer1043@email.com,Mumbai,Maharashtra,West,19.076,72.8777,2025-01-15
CUST-1044,Deepika Singh,customer1044@email.com,Mumbai,Maharashtra,West,19.076,72.8777,2025-01-16
CUST-1045,Swati Chopra,customer1045@email.com,Delhi,Delhi,North,28.7041,77.1025,2025-01-16
CUST-1046,Kavita Rao,customer1046@email.com,Bangalore,Karnataka,South,12.9716,77.5946,2025-01-17
CUST-1047,Pooja Chopra,customer1047@email.com,Hyderabad,Telangana,South,17.385,78.4867,2025-01-17
CUST-1048,Priya Reddy,customer1048@email.com,Kolkata,West Bengal,East,22.5726,88.3639,2025-01-17
CUST-1049,Vikram Gupta,customer1049@email.com,Indore,Madhya Pradesh,Central,22.7196,75.8577,2025-01-18
CUST-1050,Ananya Menon,customer1050@email.com,Hyderabad,Telangana,South,17.385,78.4867,2025-01-18
CUST-1051,Arjun Chopra,customer1051@email.com,Hyderabad,Telangana,South,17.385,78.4867,2025-01-18
CUST-1052,Rohan Chopra,customer1052@email.com,Mumbai,Maharashtra,West,19.076,72.8777,2025-01-20
CUST-1053,Raj Joshi,customer1053@email.com,Mumbai,Maharashtra,West,19.076,72.8777,2025-01-20
CUST-1054,Divya Patel,customer1054@email.com,Chennai,Tamil Nadu,South,13.0827,80.2707,2025-01-21
CUST-1055,Raj Verma,customer1055@email.com,Bangalore,Karnataka,South,12.9716,77.5946,2025-01-21
CUST-1056,Manish Mehta,customer1056@email.com,Jaipur,Rajasthan,North,26.9124,75.7873,2025-01-21
CUST-1057,Priya Kumar,customer1057@email.com,Mumbai,Maharashtra,West,19.076,72.8777,2025-01-21
CUST-1058,Vikram Gupta,customer1058@email.com,Mumbai,Maharashtra,West,19.076,72.8777,2025-01-21
CUST-1059,Rahul Nair,customer1059@email.com,Hyderabad,Telangana,South,17.385,78.4867,2025-01-21
CUST-1060,Meena Nair,customer1060@email.com,Delhi,Delhi,North,28.7041,77.1025,2025-01-22
CUST-1061,Sneha Menon,customer1061@email.com,Mumbai,Maharashtra,West,19.076,72.8777,2025-01-22
CUST-1062,Rohan Kapoor,customer1062@email.com,Pune,Maharashtra,West,18.5204,73.8567,2025-01-23
CUST-1063,Suresh Das,customer1063@email.com,Mumbai,Maharashtra,West,19.076,72.8777,2025-01-23
CUST-1064,Amit Verma,customer1064@email.com,Chennai,Tamil Nadu,South,13.0827,80.2707,2025-01-23
CUST-1065,Pooja Malhotra,customer1065@email.com,Delhi,Delhi,North,28.7041,77.1025,2025-01-23
CUST-1066,Kavita Menon,customer1066@email.com,Mumbai,Maharashtra,West,19.076,72.8777,2025-01-23
CUST-1067,Kavita Rao,customer1067@email.com,Bangalore,Karnataka,South,12.9716,77.5946,2025-01-24
CUST-1068,Arjun Sharma,customer1068@email.com,Jaipur,Rajasthan,North,26.9124,75.7873,2025-01-24
CUST-1069,Vikram Singh,customer1069@email.com,Bangalore,Karnataka,South,12.9716,77.5946,2025-01-24
CUST-1070,Deepika Mehta,customer1070@email.com,Ahmedabad,Gujarat,West,23.0225,72.5714,2025-01-25
CUST-1071,Meena Sharma,customer1071@email.com,Mumbai,Maharashtra,West,19.076,72.8777,2025-01-25
CUST-1072,Divya Rao,customer1072@email.com,Ahmedabad,Gujarat,West,23.0225,72.5714,2025-01-25
CUST-1073,Suresh Gupta,customer1073@email.com,Delhi,Delhi,North,28.7041,77.1025,2025-01-26
CUST-1074,Rohan Gupta,customer1074@email.com,Kolkata,West Bengal,East,22.5726,88.3639,2025-01-26
CUST-1075,Meena Gupta,customer1075@email.com,Chennai,Tamil Nadu,South,13.0827,80.2707,2025-01-26
CUST-1076,Manish Sharma,customer1076@email.com,Indore,Madhya Pradesh,Central,22.7196,75.8577,2025-01-27
CUST-1077,Meena Nair,customer1077@email.com,Bangalore,Karnataka,South,12.9716,77.5946,2025-01-27
CUST-1078,Rohan Kapoor,customer1078@email.com,Mumbai,Maharashtra,West,19.076,72.8777,2025-01-27
CUST-1079,Ananya Rao,customer1079@email.com,Mumbai,Maharashtra,West,19.076,72.8777,2025-01-27
CUST-1080,Divya Patel,customer1080@email.com,Jaipur,Rajasthan,North,26.9124,75.7873,2025-01-28
CUST-1081,Pooja Patel,customer1081@email.com,Hyderabad,Telangana,South,17.385,78.4867,2025-01-28
CUST-1082,Arjun Kapoor,customer1082@email.com,Ahmedabad,Gujarat,West,23.0225,72.5714,2025-01-28
CUST-1083,Vikram Singh,customer1083@email.com,Delhi,Delhi,North,28.7041,77.1025,2025-01-28
CUST-1084,Rahul Reddy,customer1084@email.com,Bangalore,Karnataka,South,12.9716,77.5946,2025-01-29
CUST-1085,Amit Verma,customer1085@email.com,Mumbai,Maharashtra,West,19.076,72.8777,2025-01-30
CUST-1086,Vikram Gupta,customer1086@email.com,Nagpur,Maharashtra,West,21.1458,79.0882,2025-01-30
CUST-1087,Vikram Sharma,customer1087@email.com,Kolkata,West Bengal,East,22.5726,88.3639,2025-01-30
CUST-1088,Manish Kumar,customer1088@email.com,Indore,Madhya Pradesh,Central,22.7196,75.8577,2025-01-31
CUST-1089,Pooja Rao,customer1089@email.com,Delhi,Delhi,North,28.7041,77.1025,2025-01-31
CUST-1090,Kavita Singh,customer1090@email.com,Kolkata,West Bengal,East,22.5726,88.3639,2025-01-31
CUST-1091,Neha Nair,customer1091@email.com,Kolkata,West Bengal,East,22.5726,88.3639,2025-01-31
CUST-1092,Suresh Chopra,customer1092@email.com,Delhi,Delhi,North,28.7041,77.1025,2025-02-01
CUST-1093,Priya Joshi,customer1093@email.com,Lucknow,Uttar Pradesh,North,26.8467,80.9462,2025-02-01
CUST-1094,Neha Menon,customer1094@email.com,Patna,Bihar,East,25.5941,85.1376,2025-02-01
CUST-1095,Raj Kapoor,customer1095@email.com,Bhopal,Madhya Pradesh,Central,23.2599,77.4126,2025-02-02
CUST-1096,Rohan Mehta,customer1096@email.com,Pune,Maharashtra,West,18.5204,73.8567,2025-02-05
CUST-1097,Neha Reddy,customer1097@email.com,Delhi,Delhi,North,28.7041,77.1025,2025-02-05
CUST-1098,Meena Verma,customer1098@email.com,Delhi,Delhi,North,28.7041,77.1025,2025-02-05
CUST-1099,Divya Reddy,customer1099@email.com,Nagpur,Maharashtra,West,21.1458,79.0882,2025-02-05
CUST-1100,Nikhil Singh,customer1100@email.com,Mumbai,Maharashtra,West,19.076,72.8777,2025-02-06
CUST-1101,Swati Patel,customer1101@email.com,Pune,Maharashtra,West,18.5204,73.8567,2025-02-06
CUST-1102,Kavita Rao,customer1102@email.com,Pune,Maharashtra,West,18.5204,73.8567,2025-02-07
CUST-1103,Deepika Patel,customer1103@email.com,Kolkata,West Bengal,East,22.5726,88.3639,2025-02-07
CUST-1104,Rahul Reddy,customer1104@email.com,Surat,Gujarat,West,21.1702,72.8311,2025-02-07
CUST-1105,Deepika Menon,customer1105@email.com,Delhi,Delhi,North,28.7041,77.1025,2025-02-08
CUST-1106,Ananya Gupta,customer1106@email.com,Bangalore,Karnataka,South,12.9716,77.5946,2025-02-08
CUST-1107,Rohan Verma,customer1107@email.com,Mumbai,Maharashtra,West,19.076,72.8777,2025-02-08
CUST-1108,Rohan Patel,customer1108@email.com,Hyderabad,Telangana,South,17.385,78.4867,2025-02-09
CUST-1109,Rahul Reddy,customer1109@email.com,Delhi,Delhi,North,28.7041,77.1025,2025-02-10
CUST-1110,Suresh Das,customer1110@email.com,Bangalore,Karnataka,South,12.9716,77.5946,2025-02-11
CUST-1111,Neha Patel,customer1111@email.com,Jaipur,Rajasthan,North,26.9124,75.7873,2025-02-11
CUST-1112,Manish Das,customer1112@email.com,Indore,Madhya Pradesh,Central,22.7196,75.8577,2025-02-12
CUST-1113,Deepika Kapoor,customer1113@email.com,Delhi,Delhi,North,28.7041,77.1025,2025-02-12
CUST-1114,Deepika Sharma,customer1114@email.com,Bangalore,Karnataka,South,12.9716,77.5946,2025-02-13
CUST-1115,Meena Mehta,customer1115@email.com,Indore,Madhya Pradesh,Central,22.7196,75.8577,2025-02-13
CUST-1116,Deepika Joshi,customer1116@email.com,Mumbai,Maharashtra,West,19.076,72.8777,2025-02-13
CUST-1117,Pooja Singh,customer1117@email.com,Mumbai,Maharashtra,West,19.076,72.8777,2025-02-14
CUST-1118,Rahul Sharma,customer1118@email.com,Mumbai,Maharashtra,West,19.076,72.8777,2025-02-14
CUST-1119,Karan Kapoor,customer1119@email.com,Chennai,Tamil Nadu,South,13.0827,80.2707,2025-02-15
CUST-1120,Swati Chopra,customer1120@email.com,Mumbai,Maharashtra,West,19.076,72.8777,2025-02-15
CUST-1121,Swati Gupta,customer1121@email.com,Nagpur,Maharashtra,West,21.1458,79.0882,2025-02-15
CUST-1122,Arjun Das,customer1122@email.com,Hyderabad,Telangana,South,17.385,78.4867,2025-02-15
CUST-1123,Priya Patel,customer1123@email.com,Hyderabad,Telangana,South,17.385,78.4867,2025-02-16
CUST-1124,Ananya Kapoor,customer1124@email.com,Delhi,Delhi,North,28.7041,77.1025,2025-02-16
CUST-1125,Arjun Sharma,customer1125@email.com,Hyderabad,Telangana,South,17.385,78.4867,2025-02-16
CUST-1126,Arjun Joshi,customer1126@email.com,Kolkata,West Bengal,East,22.5726,88.3639,2025-02-17
CUST-1127,Swati Menon,customer1127@email.com,Ahmedabad,Gujarat,West,23.0225,72.5714,2025-02-17
CUST-1128,Arjun Gupta,customer1128@email.com,Ahmedabad,Gujarat,West,23.0225,72.5714,2025-02-18
CUST-1129,Nikhil Kapoor,customer1129@email.com,Chennai,Tamil Nadu,South,13.0827,80.2707,2025-02-18
CUST-1130,Arjun Mehta,customer1130@email.com,Bhopal,Madhya Pradesh,Central,23.2599,77.4126,2025-02-18
CUST-1131,Sneha Patel,customer1131@email.com,Jaipur,Rajasthan,North,26.9124,75.7873,2025-02-19
CUST-1132,Ananya Chopra,customer1132@email.com,Ahmedabad,Gujarat,West,23.0225,72.5714,2025-02-19
CUST-1133,Sneha Verma,customer1133@email.com,Mumbai,Maharashtra,West,19.076,72.8777,2025-02-19
CUST-1134,Karan Verma,customer1134@email.com,Mumbai,Maharashtra,West,19.076,72.8777,2025-02-21
CUST-1135,Priya Patel,customer1135@email.com,Delhi,Delhi,North,28.7041,77.1025,2025-02-22
CUST-1136,Nikhil Joshi,customer1136@email.com,Kolkata,West Bengal,East,22.5726,88.3639,2025-02-23
CUST-1137,Karan Menon,customer1137@email.com,Bangalore,Karnataka,South,12.9716,77.5946,2025-02-23
CUST-1138,Suresh Sharma,customer1138@email.com,Bangalore,Karnataka,South,12.9716,77.5946,2025-02-23
CUST-1139,Raj Joshi,customer1139@email.com,Bhopal,Madhya Pradesh,Central,23.2599,77.4126,2025-02-23
CUST-1140,Rohan Sharma,customer1140@email.com,Bhopal,Madhya Pradesh,Central,23.2599,77.4126,2025-02-24
CUST-1141,Meena Das,customer1141@email.com,Bhopal,Madhya Pradesh,Central,23.2599,77.4126,2025-02-24
CUST-1142,Raj Kapoor,customer1142@email.com,Delhi,Delhi,North,28.7041,77.1025,2025-02-25
CUST-1143,Karan Rao,customer1143@email.com,Pune,Maharashtra,West,18.5204,73.8567,2025-02-25
CUST-1144,Rahul Sharma,customer1144@email.com,Delhi,Delhi,North,28.7041,77.1025,2025-02-25
CUST-1145,Manish Kumar,customer1145@email.com,Delhi,Delhi,North,28.7041,77.1025,2025-02-25
CUST-1146,Meena Verma,customer1146@email.com,Delhi,Delhi,North,28.7041,77.1025,2025-02-25
CUST-1147,Suresh Kumar,customer1147@email.com,Bangalore,Karnataka,South,12.9716,77.5946,2025-02-26
CUST-1148,Deepika Chopra,customer1148@email.com,Bangalore,Karnataka,South,12.9716,77.5946,2025-02-26
CUST-1149,Pooja Das,customer1149@email.com,Jaipur,Rajasthan,North,26.9124,75.7873,2025-02-27
CUST-1150,Priya Chopra,customer1150@email.com,Mumbai,Maharashtra,West,19.076,72.8777,2025-02-27
CUST-1151,Arjun Kumar,customer1151@email.com,Pune,Maharashtra,West,18.5204,73.8567,2025-02-28
CUST-1152,Deepika Malhotra,customer1152@email.com,Chennai,Tamil Nadu,South,13.0827,80.2707,2025-02-28
CUST-1153,Priya Verma,customer1153@email.com,Delhi,Delhi,North,28.7041,77.1025,2025-02-28
CUST-1154,Meena Gupta,customer1154@email.com,Hyderabad,Telangana,South,17.385,78.4867,2025-02-28
CUST-1155,Priya Malhotra,customer1155@email.com,Delhi,Delhi,North,28.7041,77.1025,2025-03-01
CUST-1156,Vikram Kapoor,customer1156@email.com,Chennai,Tamil Nadu,South,13.0827,80.2707,2025-03-01
CUST-1157,Meena Singh,customer1157@email.com,Bangalore,Karnataka,South,12.9716,77.5946,2025-03-01
CUST-1158,Rohan Mehta,customer1158@email.com,Mumbai,Maharashtra,West,19.076,72.8777,2025-03-01
CUST-1159,Swati Reddy,customer1159@email.com,Mumbai,Maharashtra,West,19.076,72.8777,2025-03-01
CUST-1160,Ananya Chopra,customer1160@email.com,Chennai,Tamil Nadu,South,13.0827,80.2707,2025-03-02
CUST-1161,Neha Rao,customer1161@email.com,Bhopal,Madhya Pradesh,Central,23.2599,77.4126,2025-03-03
CUST-1162,Suresh Menon,customer1162@email.com,Bangalore,Karnataka,South,12.9716,77.5946,2025-03-03
CUST-1163,Suresh Reddy,customer1163@email.com,Pune,Maharashtra,West,18.5204,73.8567,2025-03-04
CUST-1164,Swati Kapoor,customer1164@email.com,Kolkata,West Bengal,East,22.5726,88.3639,2025-03-04
CUST-1165,Rohan Joshi,customer1165@email.com,Indore,Madhya Pradesh,Central,22.7196,75.8577,2025-03-04
CUST-1166,Sneha Mehta,customer1166@email.com,Jaipur,Rajasthan,North,26.9124,75.7873,2025-03-04
CUST-1167,Karan Kapoor,customer1167@email.com,Chennai,Tamil Nadu,South,13.0827,80.2707,2025-03-04
CUST-1168,Sneha Gupta,customer1168@email.com,Kolkata,West Bengal,East,22.5726,88.3639,2025-03-05
CUST-1169,Nikhil Verma,customer1169@email.com,Bhopal,Madhya Pradesh,Central,23.2599,77.4126,2025-03-06
CUST-1170,Karan Patel,customer1170@email.com,Bangalore,Karnataka,South,12.9716,77.5946,2025-03-06
CUST-1171,Pooja Menon,customer1171@email.com,Bangalore,Karnataka,South,12.9716,77.5946,2025-03-07
CUST-1172,Sneha Malhotra,customer1172@email.com,Mumbai,Maharashtra,West,19.076,72.8777,2025-03-07
CUST-1173,Divya Chopra,customer1173@email.com,Jaipur,Rajasthan,North,26.9124,75.7873,2025-03-07
CUST-1174,Rohan Rao,customer1174@email.com,Jaipur,Rajasthan,North,26.9124,75.7873,2025-03-08
CUST-1175,Amit Nair,customer1175@email.com,Mumbai,Maharashtra,West,19.076,72.8777,2025-03-08
CUST-1176,Swati Das,customer1176@email.com,Chennai,Tamil Nadu,South,13.0827,80.2707,2025-03-08
CUST-1177,Sneha Chopra,customer1177@email.com,Hyderabad,Telangana,South,17.385,78.4867,2025-03-08
CUST-1178,Neha Patel,customer1178@email.com,Mumbai,Maharashtra,West,19.076,72.8777,2025-03-08
CUST-1179,Manish Menon,customer1179@email.com,Surat,Gujarat,West,21.1702,72.8311,2025-03-09
CUST-1180,Sneha Das,customer1180@email.com,Delhi,Delhi,North,28.7041,77.1025,2025-03-09
CUST-1181,Suresh Reddy,customer1181@email.com,Mumbai,Maharashtra,West,19.076,72.8777,2025-03-09
CUST-1182,Meena Das,customer1182@email.com,Chennai,Tamil Nadu,South,13.0827,80.2707,2025-03-10
CUST-1183,Raj Menon,customer1183@email.com,Pune,Maharashtra,West,18.5204,73.8567,2025-03-10
CUST-1184,Raj Kapoor,customer1184@email.com,Mumbai,Maharashtra,West,19.076,72.8777,2025-03-11
CUST-1185,Manish Das,customer1185@email.com,Kolkata,West Bengal,East,22.5726,88.3639,2025-03-11
CUST-1186,Kavita Nair,customer1186@email.com,Chennai,Tamil Nadu,South,13.0827,80.2707,2025-03-11
CUST-1187,Sneha Singh,customer1187@email.com,Mumbai,Maharashtra,West,19.076,72.8777,2025-03-12
CUST-1188,Sneha Verma,customer1188@email.com,Mumbai,Maharashtra,West,19.076,72.8777,2025-03-13
CUST-1189,Raj Verma,customer1189@email.com,Chennai,Tamil Nadu,South,13.0827,80.2707,2025-03-13
CUST-1190,Rahul Rao,customer1190@email.com,Delhi,Delhi,North,28.7041,77.1025,2025-03-13
CUST-1191,Nikhil Das,customer1191@email.com,Indore,Madhya Pradesh,Central,22.7196,75.8577,2025-03-14
CUST-1192,Rohan Mehta,customer1192@email.com,Jaipur,Rajasthan,North,26.9124,75.7873,2025-03-14
CUST-1193,Nikhil Reddy,customer1193@email.com,Surat,Gujarat,West,21.1702,72.8311,2025-03-14
CUST-1194,Arjun Das,customer1194@email.com,Delhi,Delhi,North,28.7041,77.1025,2025-03-14
CUST-1195,Arjun Kapoor,customer1195@email.com,Nagpur,Maharashtra,West,21.1458,79.0882,2025-03-14
CUST-1196,Kavita Nair,customer1196@email.com,Bangalore,Karnataka,South,12.9716,77.5946,2025-03-15
CUST-1197,Kavita Nair,customer1197@email.com,Bangalore,Karnataka,South,12.9716,77.5946,2025-03-15
CUST-1198,Swati Sharma,customer1198@email.com,Mumbai,Maharashtra,West,19.076,72.8777,2025-03-16
CUST-1199,Vikram Singh,customer1199@email.com,Mumbai,Maharashtra,West,19.076,72.8777,2025-03-16
CUST-1200,Neha Nair,customer1200@email.com,Pune,Maharashtra,West,18.5204,73.8567,2025-03-16
CUST-1201,Karan Singh,customer1201@email.com,Hyderabad,Telangana,South,17.385,78.4867,2025-03-17
CUST-1202,Raj Das,customer1202@email.com,Delhi,Delhi,North,28.7041,77.1025,2025-03-17
CUST-1203,Neha Kumar,customer1203@email.com,Kolkata,West Bengal,East,22.5726,88.3639,2025-03-17
CUST-1204,Sneha Das,customer1204@email.com,Delhi,Delhi,North,28.7041,77.1025,2025-03-17
CUST-1205,Rahul Reddy,customer1205@email.com,Chennai,Tamil Nadu,South,13.0827,80.2707,2025-03-17
CUST-1206,Neha Gupta,customer1206@email.com,Bangalore,Karnataka,South,12.9716,77.5946,2025-03-18
CUST-1207,Rohan Sharma,customer1207@email.com,Jaipur,Rajasthan,North,26.9124,75.7873,2025-03-18
CUST-1208,Amit Rao,customer1208@email.com,Jaipur,Rajasthan,North,26.9124,75.7873,2025-03-18
CUST-1209,Priya Sharma,customer1209@email.com,Hyderabad,Telangana,South,17.385,78.4867,2025-03-19
CUST-1210,Manish Verma,customer1210@email.com,Bangalore,Karnataka,South,12.9716,77.5946,2025-03-19
CUST-1211,Swati Gupta,customer1211@email.com,Bangalore,Karnataka,South,12.9716,77.5946,2025-03-19
CUST-1212,Rohan Kumar,customer1212@email.com,Jaipur,Rajasthan,North,26.9124,75.7873,2025-03-20
CUST-1213,Raj Malhotra,customer1213@email.com,Bangalore,Karnataka,South,12.9716,77.5946,2025-03-20
CUST-1214,Suresh Das,customer1214@email.com,Delhi,Delhi,North,28.7041,77.1025,2025-03-20
CUST-1215,Arjun Chopra,customer1215@email.com,Mumbai,Maharashtra,West,19.076,72.8777,2025-03-21
CUST-1216,Nikhil Menon,customer1216@email.com,Hyderabad,Telangana,South,17.385,78.4867,2025-03-21
CUST-1217,Priya Malhotra,customer1217@email.com,Hyderabad,Telangana,South,17.385,78.4867,2025-03-21
CUST-1218,Amit Reddy,customer1218@email.com,Lucknow,Uttar Pradesh,North,26.8467,80.9462,2025-03-21
CUST-1219,Neha Kumar,customer1219@email.com,Delhi,Delhi,North,28.7041,77.1025,2025-03-21
CUST-1220,Kavita Verma,customer1220@email.com,Bangalore,Karnataka,South,12.9716,77.5946,2025-03-21
CUST-1221,Raj Joshi,customer1221@email.com,Jaipur,Rajasthan,North,26.9124,75.7873,2025-03-22
CUST-1222,Manish Mehta,customer1222@email.com,Jaipur,Rajasthan,North,26.9124,75.7873,2025-03-22
CUST-1223,Raj Nair,customer1223@email.com,Bangalore,Karnataka,South,12.9716,77.5946,2025-03-22
CUST-1224,Pooja Kumar,customer1224@email.com,Hyderabad,Telangana,South,17.385,78.4867,2025-03-22
CUST-1225,Sneha Das,customer1225@email.com,Delhi,Delhi,North,28.7041,77.1025,2025-03-22
CUST-1226,Ananya Das,customer1226@email.com,Indore,Madhya Pradesh,Central,22.7196,75.8577,2025-03-23
CUST-1227,Raj Menon,customer1227@email.com,Mumbai,Maharashtra,West,19.076,72.8777,2025-03-23
CUST-1228,Pooja Singh,customer1228@email.com,Indore,Madhya Pradesh,Central,22.7196,75.8577,2025-03-24
CUST-1229,Deepika Gupta,customer1229@email.com,Pune,Maharashtra,West,18.5204,73.8567,2025-03-25
CUST-1230,Rahul Singh,customer1230@email.com,Chennai,Tamil Nadu,South,13.0827,80.2707,2025-03-25
CUST-1231,Amit Joshi,customer1231@email.com,Mumbai,Maharashtra,West,19.076,72.8777,2025-03-25
CUST-1232,Deepika Sharma,customer1232@email.com,Hyderabad,Telangana,South,17.385,78.4867,2025-03-27
CUST-1233,Ananya Joshi,customer1233@email.com,Bangalore,Karnataka,South,12.9716,77.5946,2025-03-27
CUST-1234,Raj Singh,customer1234@email.com,Mumbai,Maharashtra,West,19.076,72.8777,2025-03-27
CUST-1235,Nikhil Sharma,customer1235@email.com,Kolkata,West Bengal,East,22.5726,88.3639,2025-03-28
CUST-1236,Priya Rao,customer1236@email.com,Nagpur,Maharashtra,West,21.1458,79.0882,2025-03-28
CUST-1237,Vikram Rao,customer1237@email.com,Chennai,Tamil Nadu,South,13.0827,80.2707,2025-03-29
CUST-1238,Deepika Verma,customer1238@email.com,Pune,Maharashtra,West,18.5204,73.8567,2025-03-30
CUST-1239,Deepika Patel,customer1239@email.com,Mumbai,Maharashtra,West,19.076,72.8777,2025-03-30
CUST-1240,Amit Verma,customer1240@email.com,Bangalore,Karnataka,South,12.9716,77.5946,2025-03-30
CUST-1241,Meena Menon,customer1241@email.com,Mumbai,Maharashtra,West,19.076,72.8777,2025-03-31
CUST-1242,Amit Verma,customer1242@email.com,Kolkata,West Bengal,East,22.5726,88.3639,2025-04-01
CUST-1243,Ananya Patel,customer1243@email.com,Indore,Madhya Pradesh,Central,22.7196,75.8577,2025-04-02
CUST-1244,Meena Patel,customer1244@email.com,Kolkata,West Bengal,East,22.5726,88.3639,2025-04-03
CUST-1245,Ananya Sharma,customer1245@email.com,Mumbai,Maharashtra,West,19.076,72.8777,2025-04-03
CUST-1246,Amit Patel,customer1246@email.com,Bangalore,Karnataka,South,12.9716,77.5946,2025-04-03
CUST-1247,Divya Nair,customer1247@email.com,Chennai,Tamil Nadu,South,13.0827,80.2707,2025-04-04
CUST-1248,Meena Das,customer1248@email.com,Bangalore,Karnataka,South,12.9716,77.5946,2025-04-04
CUST-1249,Sneha Gupta,customer1249@email.com,Jaipur,Rajasthan,North,26.9124,75.7873,2025-04-05
CUST-1250,Nikhil Menon,customer1250@email.com,Jaipur,Rajasthan,North,26.9124,75.7873,2025-04-05
CUST-1251,Rohan Joshi,customer1251@email.com,Kolkata,West Bengal,East,22.5726,88.3639,2025-04-05
CUST-1252,Swati Das,customer1252@email.com,Bangalore,Karnataka,South,12.9716,77.5946,2025-04-05
CUST-1253,Swati Rao,customer1253@email.com,Delhi,Delhi,North,28.7041,77.1025,2025-04-05
CUST-1254,Manish Malhotra,customer1254@email.com,Mumbai,Maharashtra,West,19.076,72.8777,2025-04-06
CUST-1255,Meena Nair,customer1255@email.com,Bangalore,Karnataka,South,12.9716,77.5946,2025-04-06
CUST-1256,Divya Kumar,customer1256@email.com,Bangalore,Karnataka,South,12.9716,77.5946,2025-04-07
CUST-1257,Swati Chopra,customer1257@email.com,Kolkata,West Bengal,East,22.5726,88.3639,2025-04-07
CUST-1258,Nikhil Reddy,customer1258@email.com,Kolkata,West Bengal,East,22.5726,88.3639,2025-04-08
CUST-1259,Karan Nair,customer1259@email.com,Mumbai,Maharashtra,West,19.076,72.8777,2025-04-08
CUST-1260,Vikram Singh,customer1260@email.com,Bangalore,Karnataka,South,12.9716,77.5946,2025-04-08
CUST-1261,Deepika Nair,customer1261@email.com,Delhi,Delhi,North,28.7041,77.1025,2025-04-08
CUST-1262,Meena Sharma,customer1262@email.com,Mumbai,Maharashtra,West,19.076,72.8777,2025-04-08
CUST-1263,Divya Verma,customer1263@email.com,Jaipur,Rajasthan,North,26.9124,75.7873,2025-04-08
CUST-1264,Neha Nair,customer1264@email.com,Mumbai,Maharashtra,West,19.076,72.8777,2025-04-08
CUST-1265,Raj Malhotra,customer1265@email.com,Bangalore,Karnataka,South,12.9716,77.5946,2025-04-10
CUST-1266,Rahul Gupta,customer1266@email.com,Mumbai,Maharashtra,West,19.076,72.8777,2025-04-10
CUST-1267,Swati Rao,customer1267@email.com,Lucknow,Uttar Pradesh,North,26.8467,80.9462,2025-04-12
CUST-1268,Ananya Singh,customer1268@email.com,Chennai,Tamil Nadu,South,13.0827,80.2707,2025-04-12
CUST-1269,Priya Menon,customer1269@email.com,Delhi,Delhi,North,28.7041,77.1025,2025-04-13
CUST-1270,Pooja Singh,customer1270@email.com,Hyderabad,Telangana,South,17.385,78.4867,2025-04-13
CUST-1271,Rahul Reddy,customer1271@email.com,Pune,Maharashtra,West,18.5204,73.8567,2025-04-14
CUST-1272,Neha Menon,customer1272@email.com,Patna,Bihar,East,25.5941,85.1376,2025-04-15
CUST-1273,Priya Joshi,customer1273@email.com,Delhi,Delhi,North,28.7041,77.1025,2025-04-15
CUST-1274,Priya Mehta,customer1274@email.com,Bhopal,Madhya Pradesh,Central,23.2599,77.4126,2025-04-15
CUST-1275,Arjun Sharma,customer1275@email.com,Indore,Madhya Pradesh,Central,22.7196,75.8577,2025-04-16
CUST-1276,Suresh Kumar,customer1276@email.com,Indore,Madhya Pradesh,Central,22.7196,75.8577,2025-04-16
CUST-1277,Divya Chopra,customer1277@email.com,Kolkata,West Bengal,East,22.5726,88.3639,2025-04-16
CUST-1278,Sneha Patel,customer1278@email.com,Kolkata,West Bengal,East,22.5726,88.3639,2025-04-17
CUST-1279,Ananya Kumar,customer1279@email.com,Bangalore,Karnataka,South,12.9716,77.5946,2025-04-18
CUST-1280,Suresh Kapoor,customer1280@email.com,Ahmedabad,Gujarat,West,23.0225,72.5714,2025-04-18
CUST-1281,Vikram Singh,customer1281@email.com,Chennai,Tamil Nadu,South,13.0827,80.2707,2025-04-18
CUST-1282,Kavita Rao,customer1282@email.com,Kolkata,West Bengal,East,22.5726,88.3639,2025-04-18
CUST-1283,Rohan Sharma,customer1283@email.com,Bangalore,Karnataka,South,12.9716,77.5946,2025-04-21
CUST-1284,Kavita Verma,customer1284@email.com,Pune,Maharashtra,West,18.5204,73.8567,2025-04-21
CUST-1285,Neha Menon,customer1285@email.com,Jaipur,Rajasthan,North,26.9124,75.7873,2025-04-21
CUST-1286,Amit Chopra,customer1286@email.com,Mumbai,Maharashtra,West,19.076,72.8777,2025-04-21
CUST-1287,Kavita Chopra,customer1287@email.com,Jaipur,Rajasthan,North,26.9124,75.7873,2025-04-22
CUST-1288,Pooja Verma,customer1288@email.com,Chennai,Tamil Nadu,South,13.0827,80.2707,2025-04-22
CUST-1289,Amit Malhotra,customer1289@email.com,Lucknow,Uttar Pradesh,North,26.8467,80.9462,2025-04-22
CUST-1290,Raj Singh,customer1290@email.com,Bangalore,Karnataka,South,12.9716,77.5946,2025-04-22
CUST-1291,Pooja Joshi,customer1291@email.com,Bangalore,Karnataka,South,12.9716,77.5946,2025-04-23
CUST-1292,Rohan Gupta,customer1292@email.com,Indore,Madhya Pradesh,Central,22.7196,75.8577,2025-04-23
CUST-1293,Amit Patel,customer1293@email.com,Delhi,Delhi,North,28.7041,77.1025,2025-04-23
CUST-1294,Priya Kumar,customer1294@email.com,Lucknow,Uttar Pradesh,North,26.8467,80.9462,2025-04-23
CUST-1295,Neha Chopra,customer1295@email.com,Hyderabad,Telangana,South,17.385,78.4867,2025-04-23
CUST-1296,Divya Patel,customer1296@email.com,Hyderabad,Telangana,South,17.385,78.4867,2025-04-23
CUST-1297,Kavita Joshi,customer1297@email.com,Delhi,Delhi,North,28.7041,77.1025,2025-04-24
CUST-1298,Priya Joshi,customer1298@email.com,Chennai,Tamil Nadu,South,13.0827,80.2707,2025-04-24
CUST-1299,Rahul Singh,customer1299@email.com,Bangalore,Karnataka,South,12.9716,77.5946,2025-04-26
CUST-1300,Pooja Sharma,customer1300@email.com,Mumbai,Maharashtra,West,19.076,72.8777,2025-04-26
CUST-1301,Pooja Malhotra,customer1301@email.com,Delhi,Delhi,North,28.7041,77.1025,2025-04-26
CUST-1302,Pooja Menon,customer1302@email.com,Mumbai,Maharashtra,West,19.076,72.8777,2025-04-26
CUST-1303,Divya Kumar,customer1303@email.com,Nagpur,Maharashtra,West,21.1458,79.0882,2025-04-26
CUST-1304,Amit Joshi,customer1304@email.com,Nagpur,Maharashtra,West,21.1458,79.0882,2025-04-27
CUST-1305,Ananya Joshi,customer1305@email.com,Bangalore,Karnataka,South,12.9716,77.5946,2025-04-27
CUST-1306,Nikhil Gupta,customer1306@email.com,Pune,Maharashtra,West,18.5204,73.8567,2025-04-28
CUST-1307,Priya Nair,customer1307@email.com,Bangalore,Karnataka,South,12.9716,77.5946,2025-04-28
CUST-1308,Priya Singh,customer1308@email.com,Kolkata,West Bengal,East,22.5726,88.3639,2025-04-28
CUST-1309,Rohan Singh,customer1309@email.com,Jaipur,Rajasthan,North,26.9124,75.7873,2025-04-28
CUST-1310,Nikhil Rao,customer1310@email.com,Patna,Bihar,East,25.5941,85.1376,2025-04-29
CUST-1311,Meena Malhotra,customer1311@email.com,Bangalore,Karnataka,South,12.9716,77.5946,2025-04-29
CUST-1312,Nikhil Kapoor,customer1312@email.com,Ahmedabad,Gujarat,West,23.0225,72.5714,2025-04-29
CUST-1313,Pooja Singh,customer1313@email.com,Delhi,Delhi,North,28.7041,77.1025,2025-04-30
CUST-1314,Neha Menon,customer1314@email.com,Surat,Gujarat,West,21.1702,72.8311,2025-04-30
CUST-1315,Ananya Malhotra,customer1315@email.com,Mumbai,Maharashtra,West,19.076,72.8777,2025-04-30
CUST-1316,Suresh Chopra,customer1316@email.com,Chennai,Tamil Nadu,South,13.0827,80.2707,2025-04-30
CUST-1317,Priya Rao,customer1317@email.com,Kolkata,West Bengal,East,22.5726,88.3639,2025-04-30
CUST-1318,Karan Kapoor,customer1318@email.com,Pune,Maharashtra,West,18.5204,73.8567,2025-05-01
CUST-1319,Karan Gupta,customer1319@email.com,Mumbai,Maharashtra,West,19.076,72.8777,2025-05-01
CUST-1320,Karan Patel,customer1320@email.com,Indore,Madhya Pradesh,Central,22.7196,75.8577,2025-05-02
CUST-1321,Kavita Joshi,customer1321@email.com,Delhi,Delhi,North,28.7041,77.1025,2025-05-02
CUST-1322,Priya Chopra,customer1322@email.com,Kolkata,West Bengal,East,22.5726,88.3639,2025-05-02
CUST-1323,Suresh Patel,customer1323@email.com,Delhi,Delhi,North,28.7041,77.1025,2025-05-05
CUST-1324,Rohan Joshi,customer1324@email.com,Delhi,Delhi,North,28.7041,77.1025,2025-05-06
CUST-1325,Karan Joshi,customer1325@email.com,Chennai,Tamil Nadu,South,13.0827,80.2707,2025-05-06
CUST-1326,Amit Gupta,customer1326@email.com,Bangalore,Karnataka,South,12.9716,77.5946,2025-05-06
CUST-1327,Arjun Rao,customer1327@email.com,Mumbai,Maharashtra,West,19.076,72.8777,2025-05-07
CUST-1328,Pooja Kumar,customer1328@email.com,Mumbai,Maharashtra,West,19.076,72.8777,2025-05-07
CUST-1329,Raj Malhotra,customer1329@email.com,Bangalore,Karnataka,South,12.9716,77.5946,2025-05-08
CUST-1330,Swati Rao,customer1330@email.com,Ahmedabad,Gujarat,West,23.0225,72.5714,2025-05-08
CUST-1331,Rahul Singh,customer1331@email.com,Bhopal,Madhya Pradesh,Central,23.2599,77.4126,2025-05-08
CUST-1332,Sneha Reddy,customer1332@email.com,Mumbai,Maharashtra,West,19.076,72.8777,2025-05-09
CUST-1333,Deepika Sharma,customer1333@email.com,Bangalore,Karnataka,South,12.9716,77.5946,2025-05-09
CUST-1334,Vikram Reddy,customer1334@email.com,Mumbai,Maharashtra,West,19.076,72.8777,2025-05-09
CUST-1335,Divya Menon,customer1335@email.com,Mumbai,Maharashtra,West,19.076,72.8777,2025-05-10
CUST-1336,Divya Singh,customer1336@email.com,Kolkata,West Bengal,East,22.5726,88.3639,2025-05-10
CUST-1337,Ananya Reddy,customer1337@email.com,Chennai,Tamil Nadu,South,13.0827,80.2707,2025-05-10
CUST-1338,Neha Kapoor,customer1338@email.com,Mumbai,Maharashtra,West,19.076,72.8777,2025-05-11
CUST-1339,Vikram Singh,customer1339@email.com,Delhi,Delhi,North,28.7041,77.1025,2025-05-11
CUST-1340,Amit Reddy,customer1340@email.com,Mumbai,Maharashtra,West,19.076,72.8777,2025-05-12
CUST-1341,Pooja Reddy,customer1341@email.com,Jaipur,Rajasthan,North,26.9124,75.7873,2025-05-12
CUST-1342,Vikram Menon,customer1342@email.com,Nagpur,Maharashtra,West,21.1458,79.0882,2025-05-12
CUST-1343,Vikram Chopra,customer1343@email.com,Mumbai,Maharashtra,West,19.076,72.8777,2025-05-12
CUST-1344,Priya Chopra,customer1344@email.com,Delhi,Delhi,North,28.7041,77.1025,2025-05-12
CUST-1345,Ananya Kapoor,customer1345@email.com,Lucknow,Uttar Pradesh,North,26.8467,80.9462,2025-05-13
CUST-1346,Kavita Reddy,customer1346@email.com,Indore,Madhya Pradesh,Central,22.7196,75.8577,2025-05-13
CUST-1347,Raj Gupta,customer1347@email.com,Bangalore,Karnataka,South,12.9716,77.5946,2025-05-14
CUST-1348,Rahul Menon,customer1348@email.com,Mumbai,Maharashtra,West,19.076,72.8777,2025-05-15
CUST-1349,Neha Menon,customer1349@email.com,Mumbai,Maharashtra,West,19.076,72.8777,2025-05-15
CUST-1350,Neha Gupta,customer1350@email.com,Chennai,Tamil Nadu,South,13.0827,80.2707,2025-05-16
CUST-1351,Nikhil Malhotra,customer1351@email.com,Bangalore,Karnataka,South,12.9716,77.5946,2025-05-16
CUST-1352,Sneha Sharma,customer1352@email.com,Mumbai,Maharashtra,West,19.076,72.8777,2025-05-16
CUST-1353,Amit Sharma,customer1353@email.com,Chennai,Tamil Nadu,South,13.0827,80.2707,2025-05-16
CUST-1354,Suresh Kapoor,customer1354@email.com,Mumbai,Maharashtra,West,19.076,72.8777,2025-05-16
CUST-1355,Divya Malhotra,customer1355@email.com,Ahmedabad,Gujarat,West,23.0225,72.5714,2025-05-17
CUST-1356,Sneha Patel,customer1356@email.com,Delhi,Delhi,North,28.7041,77.1025,2025-05-17
CUST-1357,Divya Malhotra,customer1357@email.com,Mumbai,Maharashtra,West,19.076,72.8777,2025-05-17
CUST-1358,Neha Nair,customer1358@email.com,Chennai,Tamil Nadu,South,13.0827,80.2707,2025-05-17
CUST-1359,Amit Joshi,customer1359@email.com,Bangalore,Karnataka,South,12.9716,77.5946,2025-05-17
CUST-1360,Divya Menon,customer1360@email.com,Nagpur,Maharashtra,West,21.1458,79.0882,2025-05-18
CUST-1361,Ananya Das,customer1361@email.com,Chennai,Tamil Nadu,South,13.0827,80.2707,2025-05-19
CUST-1362,Kavita Menon,customer1362@email.com,Delhi,Delhi,North,28.7041,77.1025,2025-05-20
CUST-1363,Manish Joshi,customer1363@email.com,Pune,Maharashtra,West,18.5204,73.8567,2025-05-20
CUST-1364,Manish Nair,customer1364@email.com,Delhi,Delhi,North,28.7041,77.1025,2025-05-20
CUST-1365,Arjun Joshi,customer1365@email.com,Bhopal,Madhya Pradesh,Central,23.2599,77.4126,2025-05-20
CUST-1366,Rahul Patel,customer1366@email.com,Bangalore,Karnataka,South,12.9716,77.5946,2025-05-20
CUST-1367,Swati Menon,customer1367@email.com,Chennai,Tamil Nadu,South,13.0827,80.2707,2025-05-21
CUST-1368,Rahul Das,customer1368@email.com,Mumbai,Maharashtra,West,19.076,72.8777,2025-05-22
CUST-1369,Neha Das,customer1369@email.com,Bangalore,Karnataka,South,12.9716,77.5946,2025-05-23
CUST-1370,Deepika Gupta,customer1370@email.com,Jaipur,Rajasthan,North,26.9124,75.7873,2025-05-23
CUST-1371,Suresh Reddy,customer1371@email.com,Jaipur,Rajasthan,North,26.9124,75.7873,2025-05-23
CUST-1372,Priya Nair,customer1372@email.com,Delhi,Delhi,North,28.7041,77.1025,2025-05-23
CUST-1373,Deepika Sharma,customer1373@email.com,Delhi,Delhi,North,28.7041,77.1025,2025-05-24
CUST-1374,Rohan Sharma,customer1374@email.com,Jaipur,Rajasthan,North,26.9124,75.7873,2025-05-25
CUST-1375,Nikhil Kumar,customer1375@email.com,Indore,Madhya Pradesh,Central,22.7196,75.8577,2025-05-25
CUST-1376,Vikram Malhotra,customer1376@email.com,Mumbai,Maharashtra,West,19.076,72.8777,2025-05-25
CUST-1377,Meena Sharma,customer1377@email.com,Hyderabad,Telangana,South,17.385,78.4867,2025-05-26
CUST-1378,Vikram Nair,customer1378@email.com,Bangalore,Karnataka,South,12.9716,77.5946,2025-05-26
CUST-1379,Nikhil Nair,customer1379@email.com,Lucknow,Uttar Pradesh,North,26.8467,80.9462,2025-05-27
CUST-1380,Suresh Sharma,customer1380@email.com,Mumbai,Maharashtra,West,19.076,72.8777,2025-05-27
CUST-1381,Nikhil Kumar,customer1381@email.com,Delhi,Delhi,North,28.7041,77.1025,2025-05-28
CUST-1382,Amit Nair,customer1382@email.com,Ahmedabad,Gujarat,West,23.0225,72.5714,2025-05-28
CUST-1383,Manish Gupta,customer1383@email.com,Mumbai,Maharashtra,West,19.076,72.8777,2025-05-28
CUST-1384,Divya Gupta,customer1384@email.com,Hyderabad,Telangana,South,17.385,78.4867,2025-05-28
CUST-1385,Deepika Das,customer1385@email.com,Hyderabad,Telangana,South,17.385,78.4867,2025-05-29
CUST-1386,Pooja Singh,customer1386@email.com,Bangalore,Karnataka,South,12.9716,77.5946,2025-05-29
CUST-1387,Suresh Singh,customer1387@email.com,Bangalore,Karnataka,South,12.9716,77.5946,2025-05-29
CUST-1388,Rohan Kumar,customer1388@email.com,Hyderabad,Telangana,South,17.385,78.4867,2025-05-29
CUST-1389,Raj Kumar,customer1389@email.com,Mumbai,Maharashtra,West,19.076,72.8777,2025-05-30
CUST-1390,Karan Mehta,customer1390@email.com,Chennai,Tamil Nadu,South,13.0827,80.2707,2025-05-30
CUST-1391,Vikram Gupta,customer1391@email.com,Jaipur,Rajasthan,North,26.9124,75.7873,2025-05-31
CUST-1392,Deepika Malhotra,customer1392@email.com,Ahmedabad,Gujarat,West,23.0225,72.5714,2025-05-31
CUST-1393,Kavita Verma,customer1393@email.com,Mumbai,Maharashtra,West,19.076,72.8777,2025-05-31
CUST-1394,Rohan Malhotra,customer1394@email.com,Mumbai,Maharashtra,West,19.076,72.8777,2025-06-01
CUST-1395,Swati Rao,customer1395@email.com,Delhi,Delhi,North,28.7041,77.1025,2025-06-01
CUST-1396,Manish Kapoor,customer1396@email.com,Bangalore,Karnataka,South,12.9716,77.5946,2025-06-02
CUST-1397,Deepika Malhotra,customer1397@email.com,Bangalore,Karnataka,South,12.9716,77.5946,2025-06-02
CUST-1398,Deepika Joshi,customer1398@email.com,Kolkata,West Bengal,East,22.5726,88.3639,2025-06-02
CUST-1399,Arjun Patel,customer1399@email.com,Mumbai,Maharashtra,West,19.076,72.8777,2025-06-03
CUST-1400,Rohan Patel,customer1400@email.com,Mumbai,Maharashtra,West,19.076,72.8777,2025-06-03
CUST-1401,Amit Sharma,customer1401@email.com,Bangalore,Karnataka,South,12.9716,77.5946,2025-06-04
CUST-1402,Sneha Chopra,customer1402@email.com,Pune,Maharashtra,West,18.5204,73.8567,2025-06-04
CUST-1403,Sneha Chopra,customer1403@email.com,Delhi,Delhi,North,28.7041,77.1025,2025-06-04
CUST-1404,Arjun Joshi,customer1404@email.com,Kolkata,West Bengal,East,22.5726,88.3639,2025-06-04
CUST-1405,Neha Das,customer1405@email.com,Delhi,Delhi,North,28.7041,77.1025,2025-06-05
CUST-1406,Sneha Rao,customer1406@email.com,Bhopal,Madhya Pradesh,Central,23.2599,77.4126,2025-06-05
CUST-1407,Deepika Patel,customer1407@email.com,Bhopal,Madhya Pradesh,Central,23.2599,77.4126,2025-06-05
CUST-1408,Nikhil Gupta,customer1408@email.com,Delhi,Delhi,North,28.7041,77.1025,2025-06-05
CUST-1409,Swati Malhotra,customer1409@email.com,Delhi,Delhi,North,28.7041,77.1025,2025-06-05
CUST-1410,Priya Mehta,customer1410@email.com,Bangalore,Karnataka,South,12.9716,77.5946,2025-06-05
CUST-1411,Kavita Kapoor,customer1411@email.com,Delhi,Delhi,North,28.7041,77.1025,2025-06-06
CUST-1412,Manish Nair,customer1412@email.com,Kolkata,West Bengal,East,22.5726,88.3639,2025-06-06
CUST-1413,Neha Reddy,customer1413@email.com,Jaipur,Rajasthan,North,26.9124,75.7873,2025-06-06
CUST-1414,Arjun Joshi,customer1414@email.com,Kolkata,West Bengal,East,22.5726,88.3639,2025-06-06
CUST-1415,Deepika Mehta,customer1415@email.com,Jaipur,Rajasthan,North,26.9124,75.7873,2025-06-07
CUST-1416,Pooja Rao,customer1416@email.com,Bangalore,Karnataka,South,12.9716,77.5946,2025-06-07
CUST-1417,Neha Verma,customer1417@email.com,Mumbai,Maharashtra,West,19.076,72.8777,2025-06-07
CUST-1418,Divya Chopra,customer1418@email.com,Pune,Maharashtra,West,18.5204,73.8567,2025-06-07
CUST-1419,Divya Gupta,customer1419@email.com,Bangalore,Karnataka,South,12.9716,77.5946,2025-06-08
CUST-1420,Meena Malhotra,customer1420@email.com,Kolkata,West Bengal,East,22.5726,88.3639,2025-06-08
CUST-1421,Karan Chopra,customer1421@email.com,Delhi,Delhi,North,28.7041,77.1025,2025-06-08
CUST-1422,Manish Nair,customer1422@email.com,Mumbai,Maharashtra,West,19.076,72.8777,2025-06-09
CUST-1423,Amit Das,customer1423@email.com,Surat,Gujarat,West,21.1702,72.8311,2025-06-09
CUST-1424,Raj Sharma,customer1424@email.com,Mumbai,Maharashtra,West,19.076,72.8777,2025-06-10
CUST-1425,Meena Joshi,customer1425@email.com,Surat,Gujarat,West,21.1702,72.8311,2025-06-11
CUST-1426,Rohan Patel,customer1426@email.com,Nagpur,Maharashtra,West,21.1458,79.0882,2025-06-11
CUST-1427,Nikhil Chopra,customer1427@email.com,Jaipur,Rajasthan,North,26.9124,75.7873,2025-06-11
CUST-1428,Deepika Chopra,customer1428@email.com,Kolkata,West Bengal,East,22.5726,88.3639,2025-06-11
CUST-1429,Deepika Chopra,customer1429@email.com,Chennai,Tamil Nadu,South,13.0827,80.2707,2025-06-12
CUST-1430,Raj Reddy,customer1430@email.com,Lucknow,Uttar Pradesh,North,26.8467,80.9462,2025-06-12
CUST-1431,Meena Malhotra,customer1431@email.com,Delhi,Delhi,North,28.7041,77.1025,2025-06-12
CUST-1432,Suresh Malhotra,customer1432@email.com,Hyderabad,Telangana,South,17.385,78.4867,2025-06-12
CUST-1433,Suresh Joshi,customer1433@email.com,Kolkata,West Bengal,East,22.5726,88.3639,2025-06-12
CUST-1434,Nikhil Patel,customer1434@email.com,Bangalore,Karnataka,South,12.9716,77.5946,2025-06-13
CUST-1435,Priya Menon,customer1435@email.com,Bangalore,Karnataka,South,12.9716,77.5946,2025-06-13
CUST-1436,Rohan Singh,customer1436@email.com,Bangalore,Karnataka,South,12.9716,77.5946,2025-06-13
CUST-1437,Neha Kapoor,customer1437@email.com,Chennai,Tamil Nadu,South,13.0827,80.2707,2025-06-13
CUST-1438,Rohan Kumar,customer1438@email.com,Lucknow,Uttar Pradesh,North,26.8467,80.9462,2025-06-13
CUST-1439,Meena Menon,customer1439@email.com,Delhi,Delhi,North,28.7041,77.1025,2025-06-14
CUST-1440,Suresh Gupta,customer1440@email.com,Indore,Madhya Pradesh,Central,22.7196,75.8577,2025-06-15
CUST-1441,Rahul Nair,customer1441@email.com,Pune,Maharashtra,West,18.5204,73.8567,2025-06-15
CUST-1442,Amit Kapoor,customer1442@email.com,Jaipur,Rajasthan,North,26.9124,75.7873,2025-06-15
CUST-1443,Karan Reddy,customer1443@email.com,Chennai,Tamil Nadu,South,13.0827,80.2707,2025-06-16
CUST-1444,Raj Rao,customer1444@email.com,Ahmedabad,Gujarat,West,23.0225,72.5714,2025-06-16
CUST-1445,Rohan Joshi,customer1445@email.com,Mumbai,Maharashtra,West,19.076,72.8777,2025-06-17
CUST-1446,Vikram Kapoor,customer1446@email.com,Jaipur,Rajasthan,North,26.9124,75.7873,2025-06-17
CUST-1447,Deepika Das,customer1447@email.com,Mumbai,Maharashtra,West,19.076,72.8777,2025-06-17
CUST-1448,Swati Nair,customer1448@email.com,Bhopal,Madhya Pradesh,Central,23.2599,77.4126,2025-06-17
CUST-1449,Rahul Rao,customer1449@email.com,Surat,Gujarat,West,21.1702,72.8311,2025-06-17
CUST-1450,Vikram Kumar,customer1450@email.com,Delhi,Delhi,North,28.7041,77.1025,2025-06-18
CUST-1451,Rahul Singh,customer1451@email.com,Delhi,Delhi,North,28.7041,77.1025,2025-06-18
CUST-1452,Deepika Kumar,customer1452@email.com,Ahmedabad,Gujarat,West,23.0225,72.5714,2025-06-18
CUST-1453,Kavita Patel,customer1453@email.com,Delhi,Delhi,North,28.7041,77.1025,2025-06-19
CUST-1454,Suresh Joshi,customer1454@email.com,Lucknow,Uttar Pradesh,North,26.8467,80.9462,2025-06-19
CUST-1455,Kavita Gupta,customer1455@email.com,Mumbai,Maharashtra,West,19.076,72.8777,2025-06-19
CUST-1456,Pooja Reddy,customer1456@email.com,Mumbai,Maharashtra,West,19.076,72.8777,2025-06-19
CUST-1457,Priya Joshi,customer1457@email.com,Nagpur,Maharashtra,West,21.1458,79.0882,2025-06-19
CUST-1458,Swati Menon,customer1458@email.com,Kolkata,West Bengal,East,22.5726,88.3639,2025-06-20
CUST-1459,Arjun Singh,customer1459@email.com,Lucknow,Uttar Pradesh,North,26.8467,80.9462,2025-06-20
CUST-1460,Sneha Verma,customer1460@email.com,Bangalore,Karnataka,South,12.9716,77.5946,2025-06-20
CUST-1461,Kavita Das,customer1461@email.com,Kolkata,West Bengal,East,22.5726,88.3639,2025-06-20
CUST-1462,Meena Sharma,customer1462@email.com,Chennai,Tamil Nadu,South,13.0827,80.2707,2025-06-21
CUST-1463,Pooja Chopra,customer1463@email.com,Chennai,Tamil Nadu,South,13.0827,80.2707,2025-06-21
CUST-1464,Priya Gupta,customer1464@email.com,Pune,Maharashtra,West,18.5204,73.8567,2025-06-21
CUST-1465,Divya Mehta,customer1465@email.com,Chennai,Tamil Nadu,South,13.0827,80.2707,2025-06-21
CUST-1466,Swati Kumar,customer1466@email.com,Bangalore,Karnataka,South,12.9716,77.5946,2025-06-21
CUST-1467,Ananya Nair,customer1467@email.com,Delhi,Delhi,North,28.7041,77.1025,2025-06-21
CUST-1468,Karan Gupta,customer1468@email.com,Ahmedabad,Gujarat,West,23.0225,72.5714,2025-06-21
CUST-1469,Sneha Kapoor,customer1469@email.com,Delhi,Delhi,North,28.7041,77.1025,2025-06-22
CUST-1470,Sneha Singh,customer1470@email.com,Pune,Maharashtra,West,18.5204,73.8567,2025-06-23
CUST-1471,Kavita Nair,customer1471@email.com,Delhi,Delhi,North,28.7041,77.1025,2025-06-23
CUST-1472,Amit Das,customer1472@email.com,Kolkata,West Bengal,East,22.5726,88.3639,2025-06-24
CUST-1473,Vikram Verma,customer1473@email.com,Ahmedabad,Gujarat,West,23.0225,72.5714,2025-06-24
CUST-1474,Deepika Reddy,customer1474@email.com,Delhi,Delhi,North,28.7041,77.1025,2025-06-24
CUST-1475,Kavita Verma,customer1475@email.com,Mumbai,Maharashtra,West,19.076,72.8777,2025-06-25
CUST-1476,Pooja Singh,customer1476@email.com,Mumbai,Maharashtra,West,19.076,72.8777,2025-06-25
CUST-1477,Nikhil Singh,customer1477@email.com,Chennai,Tamil Nadu,South,13.0827,80.2707,2025-06-25
CUST-1478,Manish Reddy,customer1478@email.com,Lucknow,Uttar Pradesh,North,26.8467,80.9462,2025-06-26
CUST-1479,Raj Singh,customer1479@email.com,Mumbai,Maharashtra,West,19.076,72.8777,2025-06-26
CUST-1480,Pooja Kumar,customer1480@email.com,Pune,Maharashtra,West,18.5204,73.8567,2025-06-26
CUST-1481,Vikram Malhotra,customer1481@email.com,Bangalore,Karnataka,South,12.9716,77.5946,2025-06-27
CUST-1482,Divya Singh,customer1482@email.com,Hyderabad,Telangana,South,17.385,78.4867,2025-06-27
CUST-1483,Priya Chopra,customer1483@email.com,Indore,Madhya Pradesh,Central,22.7196,75.8577,2025-06-27
CUST-1484,Neha Kumar,customer1484@email.com,Bangalore,Karnataka,South,12.9716,77.5946,2025-06-28
CUST-1485,Karan Sharma,customer1485@email.com,Hyderabad,Telangana,South,17.385,78.4867,2025-06-29
CUST-1486,Pooja Kumar,customer1486@email.com,Mumbai,Maharashtra,West,19.076,72.8777,2025-06-29
CUST-1487,Nikhil Rao,customer1487@email.com,Mumbai,Maharashtra,West,19.076,72.8777,2025-06-29
CUST-1488,Ananya Gupta,customer1488@email.com,Delhi,Delhi,North,28.7041,77.1025,2025-06-29
CUST-1489,Sneha Malhotra,customer1489@email.com,Mumbai,Maharashtra,West,19.076,72.8777,2025-06-29
CUST-1490,Karan Malhotra,customer1490@email.com,Kolkata,West Bengal,East,22.5726,88.3639,2025-06-29
CUST-1491,Nikhil Singh,customer1491@email.com,Bangalore,Karnataka,South,12.9716,77.5946,2025-06-30
CUST-1492,Manish Reddy,customer1492@email.com,Chennai,Tamil Nadu,South,13.0827,80.2707,2025-06-30
CUST-1493,Rahul Patel,customer1493@email.com,Mumbai,Maharashtra,West,19.076,72.8777,2025-06-30
CUST-1494,Divya Sharma,customer1494@email.com,Delhi,Delhi,North,28.7041,77.1025,2025-06-30
CUST-1495,Rohan Mehta,customer1495@email.com,Kolkata,West Bengal,East,22.5726,88.3639,2025-06-30
CUST-1496,Nikhil Sharma,customer1496@email.com,Nagpur,Maharashtra,West,21.1458,79.0882,2025-06-30
CUST-1497,Manish Verma,customer1497@email.com,Mumbai,Maharashtra,West,19.076,72.8777,2025-07-01
CUST-1498,Sneha Singh,customer1498@email.com,Bhopal,Madhya Pradesh,Central,23.2599,77.4126,2025-07-01
CUST-1499,Swati Kapoor,customer1499@email.com,Chennai,Tamil Nadu,South,13.0827,80.2707,2025-07-01
CUST-1500,Rohan Verma,customer1500@email.com,Chennai,Tamil Nadu,South,13.0827,80.2707,2025-07-02
CUST-1501,Rohan Chopra,customer1501@email.com,Hyderabad,Telangana,South,17.385,78.4867,2025-07-03
CUST-1502,Suresh Reddy,customer1502@email.com,Mumbai,Maharashtra,West,19.076,72.8777,2025-07-03
CUST-1503,Arjun Das,customer1503@email.com,Mumbai,Maharashtra,West,19.076,72.8777,2025-07-04
CUST-1504,Swati Gupta,customer1504@email.com,Chennai,Tamil Nadu,South,13.0827,80.2707,2025-07-04
CUST-1505,Divya Menon,customer1505@email.com,Bangalore,Karnataka,South,12.9716,77.5946,2025-07-04
CUST-1506,Kavita Patel,customer1506@email.com,Indore,Madhya Pradesh,Central,22.7196,75.8577,2025-07-04
CUST-1507,Amit Menon,customer1507@email.com,Bangalore,Karnataka,South,12.9716,77.5946,2025-07-04
CUST-1508,Suresh Sharma,customer1508@email.com,Mumbai,Maharashtra,West,19.076,72.8777,2025-07-05
CUST-1509,Nikhil Verma,customer1509@email.com,Pune,Maharashtra,West,18.5204,73.8567,2025-07-05
CUST-1510,Manish Mehta,customer1510@email.com,Delhi,Delhi,North,28.7041,77.1025,2025-07-06
CUST-1511,Nikhil Kumar,customer1511@email.com,Hyderabad,Telangana,South,17.385,78.4867,2025-07-06
CUST-1512,Karan Das,customer1512@email.com,Pune,Maharashtra,West,18.5204,73.8567,2025-07-07
CUST-1513,Amit Chopra,customer1513@email.com,Bhopal,Madhya Pradesh,Central,23.2599,77.4126,2025-07-07
CUST-1514,Karan Gupta,customer1514@email.com,Jaipur,Rajasthan,North,26.9124,75.7873,2025-07-07
CUST-1515,Vikram Singh,customer1515@email.com,Kolkata,West Bengal,East,22.5726,88.3639,2025-07-07
CUST-1516,Manish Gupta,customer1516@email.com,Kolkata,West Bengal,East,22.5726,88.3639,2025-07-07
CUST-1517,Kavita Malhotra,customer1517@email.com,Patna,Bihar,East,25.5941,85.1376,2025-07-07
CUST-1518,Vikram Singh,customer1518@email.com,Delhi,Delhi,North,28.7041,77.1025,2025-07-08
CUST-1519,Ananya Das,customer1519@email.com,Mumbai,Maharashtra,West,19.076,72.8777,2025-07-09
CUST-1520,Sneha Chopra,customer1520@email.com,Delhi,Delhi,North,28.7041,77.1025,2025-07-09
CUST-1521,Raj Reddy,customer1521@email.com,Delhi,Delhi,North,28.7041,77.1025,2025-07-09
CUST-1522,Neha Kumar,customer1522@email.com,Kolkata,West Bengal,East,22.5726,88.3639,2025-07-09
CUST-1523,Rahul Nair,customer1523@email.com,Kolkata,West Bengal,East,22.5726,88.3639,2025-07-09
CUST-1524,Sneha Verma,customer1524@email.com,Chennai,Tamil Nadu,South,13.0827,80.2707,2025-07-09
CUST-1525,Arjun Verma,customer1525@email.com,Mumbai,Maharashtra,West,19.076,72.8777,2025-07-09
CUST-1526,Pooja Rao,customer1526@email.com,Pune,Maharashtra,West,18.5204,73.8567,2025-07-10
CUST-1527,Meena Rao,customer1527@email.com,Bangalore,Karnataka,South,12.9716,77.5946,2025-07-10
CUST-1528,Divya Nair,customer1528@email.com,Kolkata,West Bengal,East,22.5726,88.3639,2025-07-10
CUST-1529,Sneha Gupta,customer1529@email.com,Chennai,Tamil Nadu,South,13.0827,80.2707,2025-07-11
CUST-1530,Meena Das,customer1530@email.com,Bangalore,Karnataka,South,12.9716,77.5946,2025-07-11
CUST-1531,Raj Kumar,customer1531@email.com,Mumbai,Maharashtra,West,19.076,72.8777,2025-07-11
CUST-1532,Pooja Nair,customer1532@email.com,Mumbai,Maharashtra,West,19.076,72.8777,2025-07-12
CUST-1533,Kavita Malhotra,customer1533@email.com,Jaipur,Rajasthan,North,26.9124,75.7873,2025-07-12
CUST-1534,Swati Verma,customer1534@email.com,Indore,Madhya Pradesh,Central,22.7196,75.8577,2025-07-12
CUST-1535,Kavita Joshi,customer1535@email.com,Kolkata,West Bengal,East,22.5726,88.3639,2025-07-12
CUST-1536,Nikhil Verma,customer1536@email.com,Mumbai,Maharashtra,West,19.076,72.8777,2025-07-13
CUST-1537,Meena Joshi,customer1537@email.com,Bangalore,Karnataka,South,12.9716,77.5946,2025-07-13
CUST-1538,Nikhil Singh,customer1538@email.com,Pune,Maharashtra,West,18.5204,73.8567,2025-07-13
CUST-1539,Suresh Singh,customer1539@email.com,Ahmedabad,Gujarat,West,23.0225,72.5714,2025-07-13
CUST-1540,Neha Das,customer1540@email.com,Mumbai,Maharashtra,West,19.076,72.8777,2025-07-14
CUST-1541,Suresh Joshi,customer1541@email.com,Mumbai,Maharashtra,West,19.076,72.8777,2025-07-14
CUST-1542,Sneha Patel,customer1542@email.com,Pune,Maharashtra,West,18.5204,73.8567,2025-07-14
CUST-1543,Rahul Mehta,customer1543@email.com,Bangalore,Karnataka,South,12.9716,77.5946,2025-07-14
CUST-1544,Raj Verma,customer1544@email.com,Delhi,Delhi,North,28.7041,77.1025,2025-07-14
CUST-1545,Rohan Patel,customer1545@email.com,Mumbai,Maharashtra,West,19.076,72.8777,2025-07-15
CUST-1546,Suresh Singh,customer1546@email.com,Chennai,Tamil Nadu,South,13.0827,80.2707,2025-07-16
CUST-1547,Rohan Malhotra,customer1547@email.com,Lucknow,Uttar Pradesh,North,26.8467,80.9462,2025-07-16
CUST-1548,Raj Gupta,customer1548@email.com,Patna,Bihar,East,25.5941,85.1376,2025-07-16
CUST-1549,Kavita Das,customer1549@email.com,Chennai,Tamil Nadu,South,13.0827,80.2707,2025-07-18
CUST-1550,Meena Nair,customer1550@email.com,Hyderabad,Telangana,South,17.385,78.4867,2025-07-18
CUST-1551,Pooja Joshi,customer1551@email.com,Mumbai,Maharashtra,West,19.076,72.8777,2025-07-18
CUST-1552,Vikram Das,customer1552@email.com,Chennai,Tamil Nadu,South,13.0827,80.2707,2025-07-18
CUST-1553,Neha Gupta,customer1553@email.com,Bangalore,Karnataka,South,12.9716,77.5946,2025-07-18
CUST-1554,Amit Reddy,customer1554@email.com,Chennai,Tamil Nadu,South,13.0827,80.2707,2025-07-19
CUST-1555,Vikram Nair,customer1555@email.com,Bangalore,Karnataka,South,12.9716,77.5946,2025-07-20
CUST-1556,Manish Kumar,customer1556@email.com,Delhi,Delhi,North,28.7041,77.1025,2025-07-20
CUST-1557,Karan Joshi,customer1557@email.com,Mumbai,Maharashtra,West,19.076,72.8777,2025-07-20
CUST-1558,Meena Joshi,customer1558@email.com,Delhi,Delhi,North,28.7041,77.1025,2025-07-20
CUST-1559,Arjun Sharma,customer1559@email.com,Mumbai,Maharashtra,West,19.076,72.8777,2025-07-21
CUST-1560,Neha Gupta,customer1560@email.com,Mumbai,Maharashtra,West,19.076,72.8777,2025-07-21
CUST-1561,Sneha Kapoor,customer1561@email.com,Surat,Gujarat,West,21.1702,72.8311,2025-07-21
CUST-1562,Kavita Joshi,customer1562@email.com,Hyderabad,Telangana,South,17.385,78.4867,2025-07-22
CUST-1563,Raj Verma,customer1563@email.com,Chennai,Tamil Nadu,South,13.0827,80.2707,2025-07-23
CUST-1564,Rahul Sharma,customer1564@email.com,Lucknow,Uttar Pradesh,North,26.8467,80.9462,2025-07-23
CUST-1565,Priya Rao,customer1565@email.com,Surat,Gujarat,West,21.1702,72.8311,2025-07-24
CUST-1566,Suresh Joshi,customer1566@email.com,Chennai,Tamil Nadu,South,13.0827,80.2707,2025-07-26
CUST-1567,Raj Verma,customer1567@email.com,Jaipur,Rajasthan,North,26.9124,75.7873,2025-07-26
CUST-1568,Manish Sharma,customer1568@email.com,Bangalore,Karnataka,South,12.9716,77.5946,2025-07-27
CUST-1569,Priya Verma,customer1569@email.com,Delhi,Delhi,North,28.7041,77.1025,2025-07-27
CUST-1570,Pooja Verma,customer1570@email.com,Bangalore,Karnataka,South,12.9716,77.5946,2025-07-27
CUST-1571,Priya Sharma,customer1571@email.com,Kolkata,West Bengal,East,22.5726,88.3639,2025-07-27
CUST-1572,Kavita Gupta,customer1572@email.com,Pune,Maharashtra,West,18.5204,73.8567,2025-07-27
CUST-1573,Vikram Patel,customer1573@email.com,Delhi,Delhi,North,28.7041,77.1025,2025-07-28
CUST-1574,Swati Joshi,customer1574@email.com,Mumbai,Maharashtra,West,19.076,72.8777,2025-07-28
CUST-1575,Priya Das,customer1575@email.com,Kolkata,West Bengal,East,22.5726,88.3639,2025-07-28
CUST-1576,Priya Malhotra,customer1576@email.com,Mumbai,Maharashtra,West,19.076,72.8777,2025-07-28
CUST-1577,Swati Kumar,customer1577@email.com,Chennai,Tamil Nadu,South,13.0827,80.2707,2025-07-28
CUST-1578,Raj Verma,customer1578@email.com,Pune,Maharashtra,West,18.5204,73.8567,2025-07-29
CUST-1579,Meena Nair,customer1579@email.com,Pune,Maharashtra,West,18.5204,73.8567,2025-07-29
CUST-1580,Rohan Nair,customer1580@email.com,Ahmedabad,Gujarat,West,23.0225,72.5714,2025-07-29
CUST-1581,Ananya Rao,customer1581@email.com,Lucknow,Uttar Pradesh,North,26.8467,80.9462,2025-07-30
CUST-1582,Kavita Kumar,customer1582@email.com,Hyderabad,Telangana,South,17.385,78.4867,2025-07-30
CUST-1583,Karan Kapoor,customer1583@email.com,Pune,Maharashtra,West,18.5204,73.8567,2025-07-30
CUST-1584,Manish Malhotra,customer1584@email.com,Kolkata,West Bengal,East,22.5726,88.3639,2025-07-31
CUST-1585,Raj Gupta,customer1585@email.com,Delhi,Delhi,North,28.7041,77.1025,2025-07-31
CUST-1586,Divya Das,customer1586@email.com,Mumbai,Maharashtra,West,19.076,72.8777,2025-08-01
CUST-1587,Sneha Chopra,customer1587@email.com,Delhi,Delhi,North,28.7041,77.1025,2025-08-01
CUST-1588,Divya Verma,customer1588@email.com,Hyderabad,Telangana,South,17.385,78.4867,2025-08-01
CUST-1589,Rohan Nair,customer1589@email.com,Kolkata,West Bengal,East,22.5726,88.3639,2025-08-01
CUST-1590,Deepika Gupta,customer1590@email.com,Lucknow,Uttar Pradesh,North,26.8467,80.9462,2025-08-02
CUST-1591,Rohan Verma,customer1591@email.com,Delhi,Delhi,North,28.7041,77.1025,2025-08-02
CUST-1592,Divya Rao,customer1592@email.com,Mumbai,Maharashtra,West,19.076,72.8777,2025-08-02
CUST-1593,Pooja Mehta,customer1593@email.com,Nagpur,Maharashtra,West,21.1458,79.0882,2025-08-03
CUST-1594,Arjun Nair,customer1594@email.com,Mumbai,Maharashtra,West,19.076,72.8777,2025-08-03
CUST-1595,Manish Kapoor,customer1595@email.com,Hyderabad,Telangana,South,17.385,78.4867,2025-08-03
CUST-1596,Priya Joshi,customer1596@email.com,Chennai,Tamil Nadu,South,13.0827,80.2707,2025-08-03
CUST-1597,Amit Nair,customer1597@email.com,Chennai,Tamil Nadu,South,13.0827,80.2707,2025-08-03
CUST-1598,Meena Sharma,customer1598@email.com,Mumbai,Maharashtra,West,19.076,72.8777,2025-08-04
CUST-1599,Kavita Singh,customer1599@email.com,Mumbai,Maharashtra,West,19.076,72.8777,2025-08-04
CUST-1600,Amit Verma,customer1600@email.com,Mumbai,Maharashtra,West,19.076,72.8777,2025-08-04
CUST-1601,Raj Singh,customer1601@email.com,Chennai,Tamil Nadu,South,13.0827,80.2707,2025-08-05
CUST-1602,Neha Mehta,customer1602@email.com,Chennai,Tamil Nadu,South,13.0827,80.2707,2025-08-05
CUST-1603,Karan Gupta,customer1603@email.com,Delhi,Delhi,North,28.7041,77.1025,2025-08-06
CUST-1604,Karan Mehta,customer1604@email.com,Kolkata,West Bengal,East,22.5726,88.3639,2025-08-06
CUST-1605,Meena Das,customer1605@email.com,Jaipur,Rajasthan,North,26.9124,75.7873,2025-08-06
CUST-1606,Deepika Nair,customer1606@email.com,Mumbai,Maharashtra,West,19.076,72.8777,2025-08-06
CUST-1607,Arjun Singh,customer1607@email.com,Hyderabad,Telangana,South,17.385,78.4867,2025-08-06
CUST-1608,Vikram Gupta,customer1608@email.com,Pune,Maharashtra,West,18.5204,73.8567,2025-08-08
CUST-1609,Deepika Reddy,customer1609@email.com,Delhi,Delhi,North,28.7041,77.1025,2025-08-08
CUST-1610,Arjun Kapoor,customer1610@email.com,Delhi,Delhi,North,28.7041,77.1025,2025-08-08
CUST-1611,Rohan Malhotra,customer1611@email.com,Kolkata,West Bengal,East,22.5726,88.3639,2025-08-08
CUST-1612,Pooja Nair,customer1612@email.com,Bhopal,Madhya Pradesh,Central,23.2599,77.4126,2025-08-08
CUST-1613,Neha Das,customer1613@email.com,Jaipur,Rajasthan,North,26.9124,75.7873,2025-08-09
CUST-1614,Divya Verma,customer1614@email.com,Chennai,Tamil Nadu,South,13.0827,80.2707,2025-08-10
CUST-1615,Meena Patel,customer1615@email.com,Pune,Maharashtra,West,18.5204,73.8567,2025-08-10
CUST-1616,Raj Malhotra,customer1616@email.com,Bangalore,Karnataka,South,12.9716,77.5946,2025-08-10
CUST-1617,Amit Menon,customer1617@email.com,Kolkata,West Bengal,East,22.5726,88.3639,2025-08-10
CUST-1618,Amit Mehta,customer1618@email.com,Hyderabad,Telangana,South,17.385,78.4867,2025-08-11
CUST-1619,Neha Mehta,customer1619@email.com,Delhi,Delhi,North,28.7041,77.1025,2025-08-11
CUST-1620,Deepika Verma,customer1620@email.com,Pune,Maharashtra,West,18.5204,73.8567,2025-08-12
CUST-1621,Rahul Rao,customer1621@email.com,Chennai,Tamil Nadu,South,13.0827,80.2707,2025-08-12
CUST-1622,Rahul Reddy,customer1622@email.com,Bangalore,Karnataka,South,12.9716,77.5946,2025-08-12
CUST-1623,Deepika Gupta,customer1623@email.com,Indore,Madhya Pradesh,Central,22.7196,75.8577,2025-08-13
CUST-1624,Swati Mehta,customer1624@email.com,Mumbai,Maharashtra,West,19.076,72.8777,2025-08-13
CUST-1625,Vikram Singh,customer1625@email.com,Delhi,Delhi,North,28.7041,77.1025,2025-08-13
CUST-1626,Ananya Chopra,customer1626@email.com,Mumbai,Maharashtra,West,19.076,72.8777,2025-08-14
CUST-1627,Karan Malhotra,customer1627@email.com,Ahmedabad,Gujarat,West,23.0225,72.5714,2025-08-14
CUST-1628,Arjun Rao,customer1628@email.com,Pune,Maharashtra,West,18.5204,73.8567,2025-08-14
CUST-1629,Suresh Chopra,customer1629@email.com,Bangalore,Karnataka,South,12.9716,77.5946,2025-08-15
CUST-1630,Swati Sharma,customer1630@email.com,Kolkata,West Bengal,East,22.5726,88.3639,2025-08-16
CUST-1631,Nikhil Reddy,customer1631@email.com,Bangalore,Karnataka,South,12.9716,77.5946,2025-08-16
CUST-1632,Nikhil Patel,customer1632@email.com,Ahmedabad,Gujarat,West,23.0225,72.5714,2025-08-16
CUST-1633,Sneha Rao,customer1633@email.com,Hyderabad,Telangana,South,17.385,78.4867,2025-08-16
CUST-1634,Ananya Das,customer1634@email.com,Bangalore,Karnataka,South,12.9716,77.5946,2025-08-17
CUST-1635,Vikram Joshi,customer1635@email.com,Indore,Madhya Pradesh,Central,22.7196,75.8577,2025-08-17
CUST-1636,Amit Sharma,customer1636@email.com,Delhi,Delhi,North,28.7041,77.1025,2025-08-17
CUST-1637,Sneha Joshi,customer1637@email.com,Mumbai,Maharashtra,West,19.076,72.8777,2025-08-18
CUST-1638,Divya Patel,customer1638@email.com,Chennai,Tamil Nadu,South,13.0827,80.2707,2025-08-18
CUST-1639,Vikram Kumar,customer1639@email.com,Nagpur,Maharashtra,West,21.1458,79.0882,2025-08-18
CUST-1640,Arjun Singh,customer1640@email.com,Bangalore,Karnataka,South,12.9716,77.5946,2025-08-19
CUST-1641,Ananya Patel,customer1641@email.com,Mumbai,Maharashtra,West,19.076,72.8777,2025-08-19
CUST-1642,Ananya Kumar,customer1642@email.com,Bangalore,Karnataka,South,12.9716,77.5946,2025-08-19
CUST-1643,Meena Joshi,customer1643@email.com,Hyderabad,Telangana,South,17.385,78.4867,2025-08-19
CUST-1644,Suresh Patel,customer1644@email.com,Mumbai,Maharashtra,West,19.076,72.8777,2025-08-21
CUST-1645,Rohan Rao,customer1645@email.com,Kolkata,West Bengal,East,22.5726,88.3639,2025-08-21
CUST-1646,Meena Joshi,customer1646@email.com,Surat,Gujarat,West,21.1702,72.8311,2025-08-21
CUST-1647,Priya Verma,customer1647@email.com,Hyderabad,Telangana,South,17.385,78.4867,2025-08-21
CUST-1648,Amit Rao,customer1648@email.com,Bangalore,Karnataka,South,12.9716,77.5946,2025-08-21
CUST-1649,Swati Gupta,customer1649@email.com,Bangalore,Karnataka,South,12.9716,77.5946,2025-08-21
CUST-1650,Rahul Gupta,customer1650@email.com,Mumbai,Maharashtra,West,19.076,72.8777,2025-08-22
CUST-1651,Amit Singh,customer1651@email.com,Bhopal,Madhya Pradesh,Central,23.2599,77.4126,2025-08-23
CUST-1652,Priya Joshi,customer1652@email.com,Bangalore,Karnataka,South,12.9716,77.5946,2025-08-23
CUST-1653,Karan Kapoor,customer1653@email.com,Bangalore,Karnataka,South,12.9716,77.5946,2025-08-23
CUST-1654,Neha Das,customer1654@email.com,Kolkata,West Bengal,East,22.5726,88.3639,2025-08-23
CUST-1655,Suresh Joshi,customer1655@email.com,Hyderabad,Telangana,South,17.385,78.4867,2025-08-23
CUST-1656,Swati Malhotra,customer1656@email.com,Kolkata,West Bengal,East,22.5726,88.3639,2025-08-24
CUST-1657,Manish Gupta,customer1657@email.com,Mumbai,Maharashtra,West,19.076,72.8777,2025-08-24
CUST-1658,Meena Mehta,customer1658@email.com,Jaipur,Rajasthan,North,26.9124,75.7873,2025-08-24
CUST-1659,Rohan Mehta,customer1659@email.com,Patna,Bihar,East,25.5941,85.1376,2025-08-24
CUST-1660,Amit Sharma,customer1660@email.com,Kolkata,West Bengal,East,22.5726,88.3639,2025-08-25
CUST-1661,Divya Menon,customer1661@email.com,Patna,Bihar,East,25.5941,85.1376,2025-08-25
CUST-1662,Swati Patel,customer1662@email.com,Mumbai,Maharashtra,West,19.076,72.8777,2025-08-26
CUST-1663,Priya Kumar,customer1663@email.com,Hyderabad,Telangana,South,17.385,78.4867,2025-08-26
CUST-1664,Deepika Nair,customer1664@email.com,Chennai,Tamil Nadu,South,13.0827,80.2707,2025-08-27
CUST-1665,Rohan Reddy,customer1665@email.com,Chennai,Tamil Nadu,South,13.0827,80.2707,2025-08-27
CUST-1666,Ananya Joshi,customer1666@email.com,Bangalore,Karnataka,South,12.9716,77.5946,2025-08-28
CUST-1667,Divya Rao,customer1667@email.com,Bangalore,Karnataka,South,12.9716,77.5946,2025-08-28
CUST-1668,Rahul Nair,customer1668@email.com,Mumbai,Maharashtra,West,19.076,72.8777,2025-08-28
CUST-1669,Amit Singh,customer1669@email.com,Bangalore,Karnataka,South,12.9716,77.5946,2025-08-30
CUST-1670,Rohan Verma,customer1670@email.com,Mumbai,Maharashtra,West,19.076,72.8777,2025-08-31
CUST-1671,Rohan Kapoor,customer1671@email.com,Pune,Maharashtra,West,18.5204,73.8567,2025-08-31
CUST-1672,Amit Joshi,customer1672@email.com,Delhi,Delhi,North,28.7041,77.1025,2025-08-31
CUST-1673,Pooja Singh,customer1673@email.com,Mumbai,Maharashtra,West,19.076,72.8777,2025-08-31
CUST-1674,Pooja Singh,customer1674@email.com,Chennai,Tamil Nadu,South,13.0827,80.2707,2025-08-31
CUST-1675,Meena Sharma,customer1675@email.com,Chennai,Tamil Nadu,South,13.0827,80.2707,2025-08-31
CUST-1676,Raj Joshi,customer1676@email.com,Lucknow,Uttar Pradesh,North,26.8467,80.9462,2025-08-31
CUST-1677,Amit Rao,customer1677@email.com,Chennai,Tamil Nadu,South,13.0827,80.2707,2025-09-01
CUST-1678,Nikhil Kapoor,customer1678@email.com,Bangalore,Karnataka,South,12.9716,77.5946,2025-09-01
CUST-1679,Neha Kumar,customer1679@email.com,Jaipur,Rajasthan,North,26.9124,75.7873,2025-09-01
CUST-1680,Rahul Verma,customer1680@email.com,Chennai,Tamil Nadu,South,13.0827,80.2707,2025-09-01
CUST-1681,Priya Nair,customer1681@email.com,Mumbai,Maharashtra,West,19.076,72.8777,2025-09-01
CUST-1682,Pooja Verma,customer1682@email.com,Chennai,Tamil Nadu,South,13.0827,80.2707,2025-09-01
CUST-1683,Pooja Singh,customer1683@email.com,Bhopal,Madhya Pradesh,Central,23.2599,77.4126,2025-09-02
CUST-1684,Deepika Chopra,customer1684@email.com,Bangalore,Karnataka,South,12.9716,77.5946,2025-09-02
CUST-1685,Amit Kumar,customer1685@email.com,Delhi,Delhi,North,28.7041,77.1025,2025-09-02
CUST-1686,Pooja Mehta,customer1686@email.com,Mumbai,Maharashtra,West,19.076,72.8777,2025-09-02
CUST-1687,Divya Sharma,customer1687@email.com,Mumbai,Maharashtra,West,19.076,72.8777,2025-09-02
CUST-1688,Deepika Nair,customer1688@email.com,Bangalore,Karnataka,South,12.9716,77.5946,2025-09-03
CUST-1689,Pooja Das,customer1689@email.com,Chennai,Tamil Nadu,South,13.0827,80.2707,2025-09-03
CUST-1690,Ananya Reddy,customer1690@email.com,Mumbai,Maharashtra,West,19.076,72.8777,2025-09-03
CUST-1691,Swati Joshi,customer1691@email.com,Indore,Madhya Pradesh,Central,22.7196,75.8577,2025-09-03
CUST-1692,Karan Chopra,customer1692@email.com,Ahmedabad,Gujarat,West,23.0225,72.5714,2025-09-03
CUST-1693,Karan Kumar,customer1693@email.com,Chennai,Tamil Nadu,South,13.0827,80.2707,2025-09-05
CUST-1694,Kavita Kumar,customer1694@email.com,Jaipur,Rajasthan,North,26.9124,75.7873,2025-09-06
CUST-1695,Arjun Rao,customer1695@email.com,Mumbai,Maharashtra,West,19.076,72.8777,2025-09-06
CUST-1696,Divya Menon,customer1696@email.com,Hyderabad,Telangana,South,17.385,78.4867,2025-09-06
CUST-1697,Raj Chopra,customer1697@email.com,Kolkata,West Bengal,East,22.5726,88.3639,2025-09-06
CUST-1698,Arjun Mehta,customer1698@email.com,Jaipur,Rajasthan,North,26.9124,75.7873,2025-09-06
CUST-1699,Karan Kapoor,customer1699@email.com,Ahmedabad,Gujarat,West,23.0225,72.5714,2025-09-07
CUST-1700,Divya Chopra,customer1700@email.com,Delhi,Delhi,North,28.7041,77.1025,2025-09-07
CUST-1701,Ananya Gupta,customer1701@email.com,Patna,Bihar,East,25.5941,85.1376,2025-09-07
CUST-1702,Sneha Nair,customer1702@email.com,Mumbai,Maharashtra,West,19.076,72.8777,2025-09-07
CUST-1703,Manish Chopra,customer1703@email.com,Lucknow,Uttar Pradesh,North,26.8467,80.9462,2025-09-08
CUST-1704,Arjun Malhotra,customer1704@email.com,Nagpur,Maharashtra,West,21.1458,79.0882,2025-09-08
CUST-1705,Rahul Nair,customer1705@email.com,Mumbai,Maharashtra,West,19.076,72.8777,2025-09-09
CUST-1706,Divya Joshi,customer1706@email.com,Pune,Maharashtra,West,18.5204,73.8567,2025-09-09
CUST-1707,Pooja Mehta,customer1707@email.com,Mumbai,Maharashtra,West,19.076,72.8777,2025-09-09
CUST-1708,Amit Joshi,customer1708@email.com,Bangalore,Karnataka,South,12.9716,77.5946,2025-09-09
CUST-1709,Pooja Chopra,customer1709@email.com,Hyderabad,Telangana,South,17.385,78.4867,2025-09-10
CUST-1710,Arjun Singh,customer1710@email.com,Chennai,Tamil Nadu,South,13.0827,80.2707,2025-09-10
CUST-1711,Sneha Rao,customer1711@email.com,Indore,Madhya Pradesh,Central,22.7196,75.8577,2025-09-10
CUST-1712,Deepika Patel,customer1712@email.com,Kolkata,West Bengal,East,22.5726,88.3639,2025-09-11
CUST-1713,Arjun Menon,customer1713@email.com,Hyderabad,Telangana,South,17.385,78.4867,2025-09-11
CUST-1714,Pooja Verma,customer1714@email.com,Jaipur,Rajasthan,North,26.9124,75.7873,2025-09-11
CUST-1715,Arjun Nair,customer1715@email.com,Patna,Bihar,East,25.5941,85.1376,2025-09-11
CUST-1716,Swati Menon,customer1716@email.com,Mumbai,Maharashtra,West,19.076,72.8777,2025-09-11
CUST-1717,Manish Malhotra,customer1717@email.com,Surat,Gujarat,West,21.1702,72.8311,2025-09-11
CUST-1718,Meena Kumar,customer1718@email.com,Mumbai,Maharashtra,West,19.076,72.8777,2025-09-12
CUST-1719,Suresh Malhotra,customer1719@email.com,Jaipur,Rajasthan,North,26.9124,75.7873,2025-09-12
CUST-1720,Pooja Patel,customer1720@email.com,Delhi,Delhi,North,28.7041,77.1025,2025-09-13
CUST-1721,Vikram Malhotra,customer1721@email.com,Mumbai,Maharashtra,West,19.076,72.8777,2025-09-13
CUST-1722,Divya Gupta,customer1722@email.com,Bangalore,Karnataka,South,12.9716,77.5946,2025-09-16
CUST-1723,Amit Rao,customer1723@email.com,Kolkata,West Bengal,East,22.5726,88.3639,2025-09-16
CUST-1724,Rahul Gupta,customer1724@email.com,Bangalore,Karnataka,South,12.9716,77.5946,2025-09-17
CUST-1725,Arjun Menon,customer1725@email.com,Mumbai,Maharashtra,West,19.076,72.8777,2025-09-17
CUST-1726,Arjun Singh,customer1726@email.com,Chennai,Tamil Nadu,South,13.0827,80.2707,2025-09-17
CUST-1727,Amit Sharma,customer1727@email.com,Bhopal,Madhya Pradesh,Central,23.2599,77.4126,2025-09-18
CUST-1728,Priya Nair,customer1728@email.com,Bangalore,Karnataka,South,12.9716,77.5946,2025-09-19
CUST-1729,Rahul Nair,customer1729@email.com,Delhi,Delhi,North,28.7041,77.1025,2025-09-19
CUST-1730,Nikhil Reddy,customer1730@email.com,Hyderabad,Telangana,South,17.385,78.4867,2025-09-19
CUST-1731,Rohan Nair,customer1731@email.com,Mumbai,Maharashtra,West,19.076,72.8777,2025-09-20
CUST-1732,Meena Verma,customer1732@email.com,Jaipur,Rajasthan,North,26.9124,75.7873,2025-09-20
CUST-1733,Meena Chopra,customer1733@email.com,Jaipur,Rajasthan,North,26.9124,75.7873,2025-09-21
CUST-1734,Rohan Kapoor,customer1734@email.com,Chennai,Tamil Nadu,South,13.0827,80.2707,2025-09-22
CUST-1735,Arjun Kumar,customer1735@email.com,Bangalore,Karnataka,South,12.9716,77.5946,2025-09-22
CUST-1736,Divya Menon,customer1736@email.com,Jaipur,Rajasthan,North,26.9124,75.7873,2025-09-23
CUST-1737,Deepika Gupta,customer1737@email.com,Chennai,Tamil Nadu,South,13.0827,80.2707,2025-09-23
CUST-1738,Karan Verma,customer1738@email.com,Jaipur,Rajasthan,North,26.9124,75.7873,2025-09-23
CUST-1739,Divya Joshi,customer1739@email.com,Kolkata,West Bengal,East,22.5726,88.3639,2025-09-24
CUST-1740,Karan Singh,customer1740@email.com,Ahmedabad,Gujarat,West,23.0225,72.5714,2025-09-25
CUST-1741,Raj Rao,customer1741@email.com,Chennai,Tamil Nadu,South,13.0827,80.2707,2025-09-25
CUST-1742,Sneha Verma,customer1742@email.com,Bangalore,Karnataka,South,12.9716,77.5946,2025-09-26
CUST-1743,Meena Menon,customer1743@email.com,Patna,Bihar,East,25.5941,85.1376,2025-09-26
CUST-1744,Amit Verma,customer1744@email.com,Chennai,Tamil Nadu,South,13.0827,80.2707,2025-09-27
CUST-1745,Meena Patel,customer1745@email.com,Chennai,Tamil Nadu,South,13.0827,80.2707,2025-09-27
CUST-1746,Priya Mehta,customer1746@email.com,Delhi,Delhi,North,28.7041,77.1025,2025-09-28
CUST-1747,Arjun Sharma,customer1747@email.com,Kolkata,West Bengal,East,22.5726,88.3639,2025-09-28
CUST-1748,Deepika Reddy,customer1748@email.com,Chennai,Tamil Nadu,South,13.0827,80.2707,2025-09-28
CUST-1749,Ananya Verma,customer1749@email.com,Delhi,Delhi,North,28.7041,77.1025,2025-09-29
CUST-1750,Neha Sharma,customer1750@email.com,Mumbai,Maharashtra,West,19.076,72.8777,2025-09-30
CUST-1751,Meena Verma,customer1751@email.com,Chennai,Tamil Nadu,South,13.0827,80.2707,2025-09-30
CUST-1752,Deepika Kumar,customer1752@email.com,Ahmedabad,Gujarat,West,23.0225,72.5714,2025-09-30
CUST-1753,Kavita Sharma,customer1753@email.com,Hyderabad,Telangana,South,17.385,78.4867,2025-09-30
CUST-1754,Nikhil Sharma,customer1754@email.com,Delhi,Delhi,North,28.7041,77.1025,2025-09-30
CUST-1755,Amit Nair,customer1755@email.com,Kolkata,West Bengal,East,22.5726,88.3639,2025-10-01
CUST-1756,Pooja Kumar,customer1756@email.com,Mumbai,Maharashtra,West,19.076,72.8777,2025-10-01
CUST-1757,Swati Menon,customer1757@email.com,Hyderabad,Telangana,South,17.385,78.4867,2025-10-02
CUST-1758,Divya Nair,customer1758@email.com,Mumbai,Maharashtra,West,19.076,72.8777,2025-10-02
CUST-1759,Manish Menon,customer1759@email.com,Delhi,Delhi,North,28.7041,77.1025,2025-10-03
CUST-1760,Ananya Sharma,customer1760@email.com,Delhi,Delhi,North,28.7041,77.1025,2025-10-03
CUST-1761,Pooja Sharma,customer1761@email.com,Bangalore,Karnataka,South,12.9716,77.5946,2025-10-03
CUST-1762,Deepika Mehta,customer1762@email.com,Mumbai,Maharashtra,West,19.076,72.8777,2025-10-04
CUST-1763,Divya Rao,customer1763@email.com,Bangalore,Karnataka,South,12.9716,77.5946,2025-10-04
CUST-1764,Rahul Das,customer1764@email.com,Hyderabad,Telangana,South,17.385,78.4867,2025-10-05
CUST-1765,Raj Gupta,customer1765@email.com,Hyderabad,Telangana,South,17.385,78.4867,2025-10-06
CUST-1766,Manish Malhotra,customer1766@email.com,Bangalore,Karnataka,South,12.9716,77.5946,2025-10-07
CUST-1767,Kavita Mehta,customer1767@email.com,Jaipur,Rajasthan,North,26.9124,75.7873,2025-10-07
CUST-1768,Arjun Joshi,customer1768@email.com,Mumbai,Maharashtra,West,19.076,72.8777,2025-10-08
CUST-1769,Vikram Sharma,customer1769@email.com,Hyderabad,Telangana,South,17.385,78.4867,2025-10-08
CUST-1770,Arjun Sharma,customer1770@email.com,Mumbai,Maharashtra,West,19.076,72.8777,2025-10-08
CUST-1771,Karan Mehta,customer1771@email.com,Mumbai,Maharashtra,West,19.076,72.8777,2025-10-10
CUST-1772,Raj Reddy,customer1772@email.com,Chennai,Tamil Nadu,South,13.0827,80.2707,2025-10-10
CUST-1773,Arjun Reddy,customer1773@email.com,Chennai,Tamil Nadu,South,13.0827,80.2707,2025-10-10
CUST-1774,Nikhil Malhotra,customer1774@email.com,Lucknow,Uttar Pradesh,North,26.8467,80.9462,2025-10-11
CUST-1775,Suresh Chopra,customer1775@email.com,Chennai,Tamil Nadu,South,13.0827,80.2707,2025-10-12
CUST-1776,Karan Mehta,customer1776@email.com,Patna,Bihar,East,25.5941,85.1376,2025-10-12
CUST-1777,Nikhil Kapoor,customer1777@email.com,Mumbai,Maharashtra,West,19.076,72.8777,2025-10-13
CUST-1778,Pooja Menon,customer1778@email.com,Mumbai,Maharashtra,West,19.076,72.8777,2025-10-13
CUST-1779,Rahul Nair,customer1779@email.com,Mumbai,Maharashtra,West,19.076,72.8777,2025-10-13
CUST-1780,Meena Kumar,customer1780@email.com,Delhi,Delhi,North,28.7041,77.1025,2025-10-13
CUST-1781,Meena Nair,customer1781@email.com,Chennai,Tamil Nadu,South,13.0827,80.2707,2025-10-14
CUST-1782,Deepika Menon,customer1782@email.com,Kolkata,West Bengal,East,22.5726,88.3639,2025-10-14
CUST-1783,Nikhil Rao,customer1783@email.com,Mumbai,Maharashtra,West,19.076,72.8777,2025-10-16
CUST-1784,Swati Sharma,customer1784@email.com,Patna,Bihar,East,25.5941,85.1376,2025-10-16
CUST-1785,Nikhil Das,customer1785@email.com,Lucknow,Uttar Pradesh,North,26.8467,80.9462,2025-10-16
CUST-1786,Raj Rao,customer1786@email.com,Delhi,Delhi,North,28.7041,77.1025,2025-10-17
CUST-1787,Vikram Nair,customer1787@email.com,Mumbai,Maharashtra,West,19.076,72.8777,2025-10-17
CUST-1788,Pooja Reddy,customer1788@email.com,Mumbai,Maharashtra,West,19.076,72.8777,2025-10-17
CUST-1789,Nikhil Kapoor,customer1789@email.com,Mumbai,Maharashtra,West,19.076,72.8777,2025-10-18
CUST-1790,Manish Kapoor,customer1790@email.com,Mumbai,Maharashtra,West,19.076,72.8777,2025-10-18
CUST-1791,Divya Patel,customer1791@email.com,Hyderabad,Telangana,South,17.385,78.4867,2025-10-18
CUST-1792,Neha Patel,customer1792@email.com,Delhi,Delhi,North,28.7041,77.1025,2025-10-18
CUST-1793,Sneha Chopra,customer1793@email.com,Bangalore,Karnataka,South,12.9716,77.5946,2025-10-18
CUST-1794,Rahul Kapoor,customer1794@email.com,Surat,Gujarat,West,21.1702,72.8311,2025-10-19
CUST-1795,Sneha Patel,customer1795@email.com,Pune,Maharashtra,West,18.5204,73.8567,2025-10-19
CUST-1796,Vikram Kumar,customer1796@email.com,Patna,Bihar,East,25.5941,85.1376,2025-10-19
CUST-1797,Rohan Rao,customer1797@email.com,Mumbai,Maharashtra,West,19.076,72.8777,2025-10-19
CUST-1798,Deepika Singh,customer1798@email.com,Bangalore,Karnataka,South,12.9716,77.5946,2025-10-19
CUST-1799,Manish Sharma,customer1799@email.com,Chennai,Tamil Nadu,South,13.0827,80.2707,2025-10-19
CUST-1800,Meena Das,customer1800@email.com,Mumbai,Maharashtra,West,19.076,72.8777,2025-10-20
CUST-1801,Karan Kapoor,customer1801@email.com,Mumbai,Maharashtra,West,19.076,72.8777,2025-10-21
CUST-1802,Arjun Reddy,customer1802@email.com,Kolkata,West Bengal,East,22.5726,88.3639,2025-10-21
CUST-1803,Priya Kapoor,customer1803@email.com,Kolkata,West Bengal,East,22.5726,88.3639,2025-10-21
CUST-1804,Arjun Das,customer1804@email.com,Bangalore,Karnataka,South,12.9716,77.5946,2025-10-22
CUST-1805,Priya Kumar,customer1805@email.com,Hyderabad,Telangana,South,17.385,78.4867,2025-10-22
CUST-1806,Suresh Menon,customer1806@email.com,Bangalore,Karnataka,South,12.9716,77.5946,2025-10-22
CUST-1807,Kavita Chopra,customer1807@email.com,Mumbai,Maharashtra,West,19.076,72.8777,2025-10-23
CUST-1808,Neha Kumar,customer1808@email.com,Bangalore,Karnataka,South,12.9716,77.5946,2025-10-24
CUST-1809,Arjun Joshi,customer1809@email.com,Mumbai,Maharashtra,West,19.076,72.8777,2025-10-24
CUST-1810,Raj Rao,customer1810@email.com,Mumbai,Maharashtra,West,19.076,72.8777,2025-10-24
CUST-1811,Amit Singh,customer1811@email.com,Patna,Bihar,East,25.5941,85.1376,2025-10-24
CUST-1812,Ananya Mehta,customer1812@email.com,Chennai,Tamil Nadu,South,13.0827,80.2707,2025-10-24
CUST-1813,Priya Menon,customer1813@email.com,Pune,Maharashtra,West,18.5204,73.8567,2025-10-25
CUST-1814,Ananya Kumar,customer1814@email.com,Delhi,Delhi,North,28.7041,77.1025,2025-10-25
CUST-1815,Swati Chopra,customer1815@email.com,Bangalore,Karnataka,South,12.9716,77.5946,2025-10-26
CUST-1816,Deepika Patel,customer1816@email.com,Delhi,Delhi,North,28.7041,77.1025,2025-10-27
CUST-1817,Manish Joshi,customer1817@email.com,Mumbai,Maharashtra,West,19.076,72.8777,2025-10-27
CUST-1818,Meena Kumar,customer1818@email.com,Mumbai,Maharashtra,West,19.076,72.8777,2025-10-27
CUST-1819,Suresh Sharma,customer1819@email.com,Jaipur,Rajasthan,North,26.9124,75.7873,2025-10-27
CUST-1820,Nikhil Kapoor,customer1820@email.com,Kolkata,West Bengal,East,22.5726,88.3639,2025-10-28
CUST-1821,Vikram Gupta,customer1821@email.com,Chennai,Tamil Nadu,South,13.0827,80.2707,2025-10-28
CUST-1822,Manish Kapoor,customer1822@email.com,Hyderabad,Telangana,South,17.385,78.4867,2025-10-29
CUST-1823,Ananya Rao,customer1823@email.com,Indore,Madhya Pradesh,Central,22.7196,75.8577,2025-10-29
CUST-1824,Suresh Patel,customer1824@email.com,Mumbai,Maharashtra,West,19.076,72.8777,2025-10-29
CUST-1825,Sneha Kumar,customer1825@email.com,Delhi,Delhi,North,28.7041,77.1025,2025-10-30
CUST-1826,Nikhil Reddy,customer1826@email.com,Bangalore,Karnataka,South,12.9716,77.5946,2025-10-31
CUST-1827,Arjun Gupta,customer1827@email.com,Ahmedabad,Gujarat,West,23.0225,72.5714,2025-10-31
CUST-1828,Ananya Das,customer1828@email.com,Surat,Gujarat,West,21.1702,72.8311,2025-11-01
CUST-1829,Meena Patel,customer1829@email.com,Delhi,Delhi,North,28.7041,77.1025,2025-11-01
CUST-1830,Amit Kumar,customer1830@email.com,Lucknow,Uttar Pradesh,North,26.8467,80.9462,2025-11-01
CUST-1831,Meena Kapoor,customer1831@email.com,Jaipur,Rajasthan,North,26.9124,75.7873,2025-11-02
CUST-1832,Arjun Kapoor,customer1832@email.com,Delhi,Delhi,North,28.7041,77.1025,2025-11-03
CUST-1833,Deepika Mehta,customer1833@email.com,Bangalore,Karnataka,South,12.9716,77.5946,2025-11-03
CUST-1834,Swati Malhotra,customer1834@email.com,Bangalore,Karnataka,South,12.9716,77.5946,2025-11-03
CUST-1835,Sneha Rao,customer1835@email.com,Nagpur,Maharashtra,West,21.1458,79.0882,2025-11-04
CUST-1836,Rahul Nair,customer1836@email.com,Delhi,Delhi,North,28.7041,77.1025,2025-11-04
CUST-1837,Raj Patel,customer1837@email.com,Jaipur,Rajasthan,North,26.9124,75.7873,2025-11-04
CUST-1838,Vikram Reddy,customer1838@email.com,Bangalore,Karnataka,South,12.9716,77.5946,2025-11-05
CUST-1839,Sneha Gupta,customer1839@email.com,Pune,Maharashtra,West,18.5204,73.8567,2025-11-06
CUST-1840,Rahul Sharma,customer1840@email.com,Bangalore,Karnataka,South,12.9716,77.5946,2025-11-06
CUST-1841,Rohan Singh,customer1841@email.com,Chennai,Tamil Nadu,South,13.0827,80.2707,2025-11-06
CUST-1842,Karan Menon,customer1842@email.com,Jaipur,Rajasthan,North,26.9124,75.7873,2025-11-06
CUST-1843,Kavita Rao,customer1843@email.com,Jaipur,Rajasthan,North,26.9124,75.7873,2025-11-07
CUST-1844,Neha Rao,customer1844@email.com,Lucknow,Uttar Pradesh,North,26.8467,80.9462,2025-11-08
CUST-1845,Amit Mehta,customer1845@email.com,Mumbai,Maharashtra,West,19.076,72.8777,2025-11-08
CUST-1846,Rohan Kapoor,customer1846@email.com,Pune,Maharashtra,West,18.5204,73.8567,2025-11-08
CUST-1847,Suresh Sharma,customer1847@email.com,Mumbai,Maharashtra,West,19.076,72.8777,2025-11-08
CUST-1848,Manish Verma,customer1848@email.com,Bangalore,Karnataka,South,12.9716,77.5946,2025-11-08
CUST-1849,Vikram Nair,customer1849@email.com,Chennai,Tamil Nadu,South,13.0827,80.2707,2025-11-08
CUST-1850,Priya Malhotra,customer1850@email.com,Bangalore,Karnataka,South,12.9716,77.5946,2025-11-09
CUST-1851,Divya Nair,customer1851@email.com,Hyderabad,Telangana,South,17.385,78.4867,2025-11-09
CUST-1852,Meena Verma,customer1852@email.com,Surat,Gujarat,West,21.1702,72.8311,2025-11-10
CUST-1853,Rahul Kapoor,customer1853@email.com,Mumbai,Maharashtra,West,19.076,72.8777,2025-11-10
CUST-1854,Sneha Sharma,customer1854@email.com,Kolkata,West Bengal,East,22.5726,88.3639,2025-11-11
CUST-1855,Nikhil Patel,customer1855@email.com,Bangalore,Karnataka,South,12.9716,77.5946,2025-11-11
CUST-1856,Vikram Chopra,customer1856@email.com,Mumbai,Maharashtra,West,19.076,72.8777,2025-11-11
CUST-1857,Amit Mehta,customer1857@email.com,Mumbai,Maharashtra,West,19.076,72.8777,2025-11-12
CUST-1858,Nikhil Singh,customer1858@email.com,Patna,Bihar,East,25.5941,85.1376,2025-11-12
CUST-1859,Pooja Verma,customer1859@email.com,Lucknow,Uttar Pradesh,North,26.8467,80.9462,2025-11-12
CUST-1860,Suresh Malhotra,customer1860@email.com,Bhopal,Madhya Pradesh,Central,23.2599,77.4126,2025-11-12
CUST-1861,Kavita Kumar,customer1861@email.com,Surat,Gujarat,West,21.1702,72.8311,2025-11-12
CUST-1862,Neha Verma,customer1862@email.com,Delhi,Delhi,North,28.7041,77.1025,2025-11-13
CUST-1863,Rohan Gupta,customer1863@email.com,Bangalore,Karnataka,South,12.9716,77.5946,2025-11-13
CUST-1864,Kavita Gupta,customer1864@email.com,Kolkata,West Bengal,East,22.5726,88.3639,2025-11-13
CUST-1865,Vikram Das,customer1865@email.com,Hyderabad,Telangana,South,17.385,78.4867,2025-11-14
CUST-1866,Vikram Kumar,customer1866@email.com,Bangalore,Karnataka,South,12.9716,77.5946,2025-11-14
CUST-1867,Ananya Singh,customer1867@email.com,Bangalore,Karnataka,South,12.9716,77.5946,2025-11-16
CUST-1868,Neha Rao,customer1868@email.com,Chennai,Tamil Nadu,South,13.0827,80.2707,2025-11-16
CUST-1869,Arjun Sharma,customer1869@email.com,Chennai,Tamil Nadu,South,13.0827,80.2707,2025-11-16
CUST-1870,Nikhil Mehta,customer1870@email.com,Mumbai,Maharashtra,West,19.076,72.8777,2025-11-17
CUST-1871,Rohan Chopra,customer1871@email.com,Hyderabad,Telangana,South,17.385,78.4867,2025-11-17
CUST-1872,Divya Sharma,customer1872@email.com,Chennai,Tamil Nadu,South,13.0827,80.2707,2025-11-18
CUST-1873,Nikhil Malhotra,customer1873@email.com,Chennai,Tamil Nadu,South,13.0827,80.2707,2025-11-18
CUST-1874,Swati Verma,customer1874@email.com,Delhi,Delhi,North,28.7041,77.1025,2025-11-18
CUST-1875,Sneha Gupta,customer1875@email.com,Ahmedabad,Gujarat,West,23.0225,72.5714,2025-11-18
CUST-1876,Vikram Joshi,customer1876@email.com,Mumbai,Maharashtra,West,19.076,72.8777,2025-11-18
CUST-1877,Manish Menon,customer1877@email.com,Bangalore,Karnataka,South,12.9716,77.5946,2025-11-19
CUST-1878,Priya Menon,customer1878@email.com,Ahmedabad,Gujarat,West,23.0225,72.5714,2025-11-19
CUST-1879,Karan Kumar,customer1879@email.com,Chennai,Tamil Nadu,South,13.0827,80.2707,2025-11-19
CUST-1880,Kavita Patel,customer1880@email.com,Delhi,Delhi,North,28.7041,77.1025,2025-11-20
CUST-1881,Nikhil Kumar,customer1881@email.com,Pune,Maharashtra,West,18.5204,73.8567,2025-11-20
CUST-1882,Manish Gupta,customer1882@email.com,Chennai,Tamil Nadu,South,13.0827,80.2707,2025-11-21
CUST-1883,Pooja Kapoor,customer1883@email.com,Jaipur,Rajasthan,North,26.9124,75.7873,2025-11-21
CUST-1884,Meena Gupta,customer1884@email.com,Pune,Maharashtra,West,18.5204,73.8567,2025-11-21
CUST-1885,Meena Mehta,customer1885@email.com,Kolkata,West Bengal,East,22.5726,88.3639,2025-11-21
CUST-1886,Raj Singh,customer1886@email.com,Hyderabad,Telangana,South,17.385,78.4867,2025-11-22
CUST-1887,Karan Sharma,customer1887@email.com,Mumbai,Maharashtra,West,19.076,72.8777,2025-11-23
CUST-1888,Amit Menon,customer1888@email.com,Delhi,Delhi,North,28.7041,77.1025,2025-11-23
CUST-1889,Rohan Patel,customer1889@email.com,Bangalore,Karnataka,South,12.9716,77.5946,2025-11-23
CUST-1890,Suresh Singh,customer1890@email.com,Chennai,Tamil Nadu,South,13.0827,80.2707,2025-11-23
CUST-1891,Karan Menon,customer1891@email.com,Hyderabad,Telangana,South,17.385,78.4867,2025-11-23
CUST-1892,Manish Kumar,customer1892@email.com,Delhi,Delhi,North,28.7041,77.1025,2025-11-23
CUST-1893,Neha Nair,customer1893@email.com,Mumbai,Maharashtra,West,19.076,72.8777,2025-11-24
CUST-1894,Karan Gupta,customer1894@email.com,Hyderabad,Telangana,South,17.385,78.4867,2025-11-24
CUST-1895,Raj Gupta,customer1895@email.com,Delhi,Delhi,North,28.7041,77.1025,2025-11-24
CUST-1896,Deepika Rao,customer1896@email.com,Pune,Maharashtra,West,18.5204,73.8567,2025-11-24
CUST-1897,Vikram Sharma,customer1897@email.com,Mumbai,Maharashtra,West,19.076,72.8777,2025-11-24
CUST-1898,Vikram Singh,customer1898@email.com,Chennai,Tamil Nadu,South,13.0827,80.2707,2025-11-25
CUST-1899,Karan Kapoor,customer1899@email.com,Patna,Bihar,East,25.5941,85.1376,2025-11-25
CUST-1900,Priya Mehta,customer1900@email.com,Mumbai,Maharashtra,West,19.076,72.8777,2025-11-26
CUST-1901,Nikhil Kapoor,customer1901@email.com,Hyderabad,Telangana,South,17.385,78.4867,2025-11-26
CUST-1902,Meena Verma,customer1902@email.com,Mumbai,Maharashtra,West,19.076,72.8777,2025-11-27
CUST-1903,Suresh Reddy,customer1903@email.com,Kolkata,West Bengal,East,22.5726,88.3639,2025-11-27
CUST-1904,Vikram Sharma,customer1904@email.com,Chennai,Tamil Nadu,South,13.0827,80.2707,2025-11-27
CUST-1905,Divya Joshi,customer1905@email.com,Bangalore,Karnataka,South,12.9716,77.5946,2025-11-27
CUST-1906,Pooja Das,customer1906@email.com,Hyderabad,Telangana,South,17.385,78.4867,2025-11-27
CUST-1907,Meena Verma,customer1907@email.com,Bhopal,Madhya Pradesh,Central,23.2599,77.4126,2025-11-27
CUST-1908,Manish Kumar,customer1908@email.com,Delhi,Delhi,North,28.7041,77.1025,2025-11-27
CUST-1909,Karan Das,customer1909@email.com,Mumbai,Maharashtra,West,19.076,72.8777,2025-11-28
CUST-1910,Swati Rao,customer1910@email.com,Lucknow,Uttar Pradesh,North,26.8467,80.9462,2025-11-28
CUST-1911,Meena Singh,customer1911@email.com,Chennai,Tamil Nadu,South,13.0827,80.2707,2025-11-28
CUST-1912,Ananya Kapoor,customer1912@email.com,Bhopal,Madhya Pradesh,Central,23.2599,77.4126,2025-11-28
CUST-1913,Sneha Verma,customer1913@email.com,Chennai,Tamil Nadu,South,13.0827,80.2707,2025-11-29
CUST-1914,Suresh Sharma,customer1914@email.com,Jaipur,Rajasthan,North,26.9124,75.7873,2025-11-29
CUST-1915,Rohan Mehta,customer1915@email.com,Bangalore,Karnataka,South,12.9716,77.5946,2025-11-29
CUST-1916,Suresh Malhotra,customer1916@email.com,Ahmedabad,Gujarat,West,23.0225,72.5714,2025-11-29
CUST-1917,Karan Patel,customer1917@email.com,Indore,Madhya Pradesh,Central,22.7196,75.8577,2025-11-30
CUST-1918,Manish Kumar,customer1918@email.com,Chennai,Tamil Nadu,South,13.0827,80.2707,2025-11-30
CUST-1919,Pooja Mehta,customer1919@email.com,Delhi,Delhi,North,28.7041,77.1025,2025-11-30
CUST-1920,Neha Rao,customer1920@email.com,Delhi,Delhi,North,28.7041,77.1025,2025-12-01
CUST-1921,Karan Kapoor,customer1921@email.com,Delhi,Delhi,North,28.7041,77.1025,2025-12-01
CUST-1922,Rohan Singh,customer1922@email.com,Delhi,Delhi,North,28.7041,77.1025,2025-12-01
CUST-1923,Raj Menon,customer1923@email.com,Delhi,Delhi,North,28.7041,77.1025,2025-12-02
CUST-1924,Amit Malhotra,customer1924@email.com,Chennai,Tamil Nadu,South,13.0827,80.2707,2025-12-02
CUST-1925,Arjun Nair,customer1925@email.com,Chennai,Tamil Nadu,South,13.0827,80.2707,2025-12-03
CUST-1926,Divya Menon,customer1926@email.com,Bangalore,Karnataka,South,12.9716,77.5946,2025-12-03
CUST-1927,Manish Sharma,customer1927@email.com,Kolkata,West Bengal,East,22.5726,88.3639,2025-12-03
CUST-1928,Manish Sharma,customer1928@email.com,Mumbai,Maharashtra,West,19.076,72.8777,2025-12-04
CUST-1929,Deepika Kumar,customer1929@email.com,Mumbai,Maharashtra,West,19.076,72.8777,2025-12-04
CUST-1930,Ananya Kumar,customer1930@email.com,Mumbai,Maharashtra,West,19.076,72.8777,2025-12-04
CUST-1931,Vikram Menon,customer1931@email.com,Hyderabad,Telangana,South,17.385,78.4867,2025-12-04
CUST-1932,Rohan Chopra,customer1932@email.com,Delhi,Delhi,North,28.7041,77.1025,2025-12-05
CUST-1933,Swati Patel,customer1933@email.com,Delhi,Delhi,North,28.7041,77.1025,2025-12-05
CUST-1934,Suresh Kumar,customer1934@email.com,Bangalore,Karnataka,South,12.9716,77.5946,2025-12-06
CUST-1935,Kavita Das,customer1935@email.com,Jaipur,Rajasthan,North,26.9124,75.7873,2025-12-07
CUST-1936,Swati Rao,customer1936@email.com,Mumbai,Maharashtra,West,19.076,72.8777,2025-12-08
CUST-1937,Priya Joshi,customer1937@email.com,Kolkata,West Bengal,East,22.5726,88.3639,2025-12-08
CUST-1938,Amit Nair,customer1938@email.com,Kolkata,West Bengal,East,22.5726,88.3639,2025-12-08
CUST-1939,Rohan Kumar,customer1939@email.com,Jaipur,Rajasthan,North,26.9124,75.7873,2025-12-08
CUST-1940,Karan Patel,customer1940@email.com,Indore,Madhya Pradesh,Central,22.7196,75.8577,2025-12-09
CUST-1941,Deepika Das,customer1941@email.com,Mumbai,Maharashtra,West,19.076,72.8777,2025-12-09
CUST-1942,Manish Nair,customer1942@email.com,Mumbai,Maharashtra,West,19.076,72.8777,2025-12-10
CUST-1943,Raj Chopra,customer1943@email.com,Bhopal,Madhya Pradesh,Central,23.2599,77.4126,2025-12-10
CUST-1944,Raj Kumar,customer1944@email.com,Hyderabad,Telangana,South,17.385,78.4867,2025-12-10
CUST-1945,Rahul Singh,customer1945@email.com,Chennai,Tamil Nadu,South,13.0827,80.2707,2025-12-10
CUST-1946,Vikram Sharma,customer1946@email.com,Kolkata,West Bengal,East,22.5726,88.3639,2025-12-11
CUST-1947,Rohan Gupta,customer1947@email.com,Kolkata,West Bengal,East,22.5726,88.3639,2025-12-12
CUST-1948,Nikhil Nair,customer1948@email.com,Indore,Madhya Pradesh,Central,22.7196,75.8577,2025-12-12
CUST-1949,Deepika Gupta,customer1949@email.com,Surat,Gujarat,West,21.1702,72.8311,2025-12-12
CUST-1950,Arjun Kapoor,customer1950@email.com,Pune,Maharashtra,West,18.5204,73.8567,2025-12-13
CUST-1951,Rahul Singh,customer1951@email.com,Delhi,Delhi,North,28.7041,77.1025,2025-12-13
CUST-1952,Amit Patel,customer1952@email.com,Lucknow,Uttar Pradesh,North,26.8467,80.9462,2025-12-15
CUST-1953,Deepika Reddy,customer1953@email.com,Mumbai,Maharashtra,West,19.076,72.8777,2025-12-15
CUST-1954,Arjun Patel,customer1954@email.com,Delhi,Delhi,North,28.7041,77.1025,2025-12-15
CUST-1955,Pooja Chopra,customer1955@email.com,Bhopal,Madhya Pradesh,Central,23.2599,77.4126,2025-12-16
CUST-1956,Sneha Chopra,customer1956@email.com,Delhi,Delhi,North,28.7041,77.1025,2025-12-16
CUST-1957,Ananya Mehta,customer1957@email.com,Delhi,Delhi,North,28.7041,77.1025,2025-12-16
CUST-1958,Amit Nair,customer1958@email.com,Mumbai,Maharashtra,West,19.076,72.8777,2025-12-16
CUST-1959,Amit Chopra,customer1959@email.com,Lucknow,Uttar Pradesh,North,26.8467,80.9462,2025-12-17
CUST-1960,Nikhil Menon,customer1960@email.com,Hyderabad,Telangana,South,17.385,78.4867,2025-12-17
CUST-1961,Priya Menon,customer1961@email.com,Kolkata,West Bengal,East,22.5726,88.3639,2025-12-18
CUST-1962,Karan Mehta,customer1962@email.com,Delhi,Delhi,North,28.7041,77.1025,2025-12-18
CUST-1963,Ananya Malhotra,customer1963@email.com,Ahmedabad,Gujarat,West,23.0225,72.5714,2025-12-19
CUST-1964,Priya Nair,customer1964@email.com,Ahmedabad,Gujarat,West,23.0225,72.5714,2025-12-20
CUST-1965,Manish Reddy,customer1965@email.com,Delhi,Delhi,North,28.7041,77.1025,2025-12-20
CUST-1966,Priya Das,customer1966@email.com,Bangalore,Karnataka,South,12.9716,77.5946,2025-12-20
CUST-1967,Swati Verma,customer1967@email.com,Delhi,Delhi,North,28.7041,77.1025,2025-12-20
CUST-1968,Priya Patel,customer1968@email.com,Nagpur,Maharashtra,West,21.1458,79.0882,2025-12-20
CUST-1969,Nikhil Nair,customer1969@email.com,Kolkata,West Bengal,East,22.5726,88.3639,2025-12-20
CUST-1970,Rohan Kapoor,customer1970@email.com,Indore,Madhya Pradesh,Central,22.7196,75.8577,2025-12-21
CUST-1971,Priya Reddy,customer1971@email.com,Delhi,Delhi,North,28.7041,77.1025,2025-12-22
CUST-1972,Amit Nair,customer1972@email.com,Ahmedabad,Gujarat,West,23.0225,72.5714,2025-12-22
CUST-1973,Pooja Nair,customer1973@email.com,Ahmedabad,Gujarat,West,23.0225,72.5714,2025-12-22
CUST-1974,Raj Gupta,customer1974@email.com,Pune,Maharashtra,West,18.5204,73.8567,2025-12-23
CUST-1975,Raj Sharma,customer1975@email.com,Nagpur,Maharashtra,West,21.1458,79.0882,2025-12-23
CUST-1976,Manish Joshi,customer1976@email.com,Bangalore,Karnataka,South,12.9716,77.5946,2025-12-23
CUST-1977,Nikhil Gupta,customer1977@email.com,Mumbai,Maharashtra,West,19.076,72.8777,2025-12-24
CUST-1978,Karan Gupta,customer1978@email.com,Kolkata,West Bengal,East,22.5726,88.3639,2025-12-24
CUST-1979,Karan Joshi,customer1979@email.com,Pune,Maharashtra,West,18.5204,73.8567,2025-12-25
CUST-1980,Manish Reddy,customer1980@email.com,Chennai,Tamil Nadu,South,13.0827,80.2707,2025-12-25
CUST-1981,Kavita Das,customer1981@email.com,Delhi,Delhi,North,28.7041,77.1025,2025-12-25
CUST-1982,Sneha Nair,customer1982@email.com,Hyderabad,Telangana,South,17.385,78.4867,2025-12-26
CUST-1983,Divya Singh,customer1983@email.com,Delhi,Delhi,North,28.7041,77.1025,2025-12-26
CUST-1984,Neha Chopra,customer1984@email.com,Bangalore,Karnataka,South,12.9716,77.5946,2025-12-26
CUST-1985,Neha Rao,customer1985@email.com,Kolkata,West Bengal,East,22.5726,88.3639,2025-12-26
CUST-1986,Pooja Singh,customer1986@email.com,Ahmedabad,Gujarat,West,23.0225,72.5714,2025-12-27
CUST-1987,Rohan Verma,customer1987@email.com,Delhi,Delhi,North,28.7041,77.1025,2025-12-27
CUST-1988,Sneha Menon,customer1988@email.com,Bangalore,Karnataka,South,12.9716,77.5946,2025-12-28
CUST-1989,Deepika Patel,customer1989@email.com,Delhi,Delhi,North,28.7041,77.1025,2025-12-28
CUST-1990,Meena Reddy,customer1990@email.com,Delhi,Delhi,North,28.7041,77.1025,2025-12-28
CUST-1991,Pooja Patel,customer1991@email.com,Ahmedabad,Gujarat,West,23.0225,72.5714,2025-12-28
CUST-1992,Neha Nair,customer1992@email.com,Bhopal,Madhya Pradesh,Central,23.2599,77.4126,2025-12-28
CUST-1993,Priya Kapoor,customer1993@email.com,Bangalore,Karnataka,South,12.9716,77.5946,2025-12-28
CUST-1994,Suresh Joshi,customer1994@email.com,Ahmedabad,Gujarat,West,23.0225,72.5714,2025-12-28
CUST-1995,Meena Sharma,customer1995@email.com,Bhopal,Madhya Pradesh,Central,23.2599,77.4126,2025-12-29
CUST-1996,Rohan Joshi,customer1996@email.com,Lucknow,Uttar Pradesh,North,26.8467,80.9462,2025-12-29
CUST-1997,Manish Das,customer1997@email.com,Delhi,Delhi,North,28.7041,77.1025,2025-12-30
CUST-1998,Neha Malhotra,customer1998@email.com,Patna,Bihar,East,25.5941,85.1376,2025-12-30
CUST-1999,Ananya Sharma,customer1999@email.com,Bangalore,Karnataka,South,12.9716,77.5946,2025-12-30
CUST-2000,Neha Nair,customer2000@email.com,Bangalore,Karnataka,South,12.9716,77.5946,2025-12-30
